Time,header.seq,header.stamp.secs,header.stamp.nsecs,header.frame_id,w_nominal.x,w_nominal.y,w_nominal.z,w_gust.x,w_gust.y,w_gust.z
1713664803.9642534,183,0,0,,0.0,0.0,0.0,0.0,0.0,0.0
1713664803.9709797,184,0,0,,0.0,0.0,0.0,0.0,0.0,0.0
1713664803.9776516,185,0,0,,0.0,0.0,0.0,0.0,0.0,0.0
1713664803.9843116,186,0,0,,0.0,0.0,0.0,0.0,0.0,0.0
1713664803.9910815,187,0,0,,0.0,0.0,0.0,0.0,0.0,0.0
1713664803.9977374,188,0,0,,0.0,0.0,0.0,0.0,0.0,0.0
1713664804.0042782,189,0,0,,0.0,0.0,0.0,0.0,0.0,0.0
1713664804.0110724,190,0,0,,0.0,0.0,0.0,0.0,0.0,0.0
1713664804.0176911,191,0,0,,0.0,0.0,0.0,0.0,0.0,0.0
1713664804.0242772,192,0,0,,0.0,0.0,0.0,0.0,0.0,0.0
1713664804.0309744,193,0,0,,0.0,0.0,0.0,0.0,0.0,0.0
1713664804.0376284,194,0,0,,0.0,0.0,0.0,0.0,0.0,0.0
1713664804.0442684,195,0,0,,0.0,0.0,0.0,0.0,0.0,0.0
1713664804.0509126,196,0,0,,0.0,0.0,0.0,0.0,0.0,0.0
1713664804.0577645,197,0,0,,0.0,0.0,0.0,0.0,0.0,0.0
1713664804.0643137,198,0,0,,0.0,0.0,0.0,0.0,0.0,0.0
1713664804.0709584,199,0,0,,0.0,0.0,0.0,0.0,0.0,0.0
1713664804.077644,200,0,0,,0.0,0.0,0.0,0.0,0.0,0.0
1713664804.084308,201,0,0,,0.0,0.0,0.0,0.0,0.0,0.0
1713664804.090975,202,0,0,,0.0,0.0,0.0,0.0,0.0,0.0
1713664804.097657,203,0,0,,0.0,0.0,0.0,0.0,0.0,0.0
1713664804.104302,204,0,0,,0.0,0.0,0.0,0.0,0.0,0.0
1713664804.1111424,205,0,0,,0.0,0.0,0.0,0.0,0.0,0.0
1713664804.1176763,206,0,0,,0.0,0.0,0.0,0.0,0.0,0.0
1713664804.1242797,207,0,0,,0.0,0.0,0.0,0.0,0.0,0.0
1713664804.1309059,208,0,0,,0.0,0.0,0.0,0.0,0.0,0.0
1713664804.1377063,209,0,0,,0.0,0.0,0.0,0.0,0.0,0.0
1713664804.1442986,210,0,0,,0.0,0.0,0.0,0.0,0.0,0.0
1713664804.1509304,211,0,0,,0.0,0.0,0.0,0.0,0.0,0.0
1713664804.1577075,212,0,0,,0.0,0.0,0.0,0.0,0.0,0.0
1713664804.1643276,213,0,0,,0.0,0.0,0.0,0.0,0.0,0.0
1713664804.1710382,214,0,0,,0.0,0.0,0.0,0.0,0.0,0.0
1713664804.1776881,215,0,0,,0.0,0.0,0.0,0.0,0.0,0.0
1713664804.1843514,216,0,0,,0.0,0.0,0.0,0.0,0.0,0.0
1713664804.1910138,217,0,0,,0.0,0.0,0.0,0.0,0.0,0.0
1713664804.1977627,218,0,0,,0.0,0.0,0.0,0.0,0.0,0.0
1713664804.2043839,219,0,0,,0.0,0.0,0.0,0.0,0.0,0.0
1713664804.2109447,220,0,0,,0.0,0.0,0.0,0.0,0.0,0.0
1713664804.21763,221,0,0,,0.0,0.0,0.0,0.0,0.0,0.0
1713664804.224473,222,0,0,,0.0,0.0,0.0,0.0,0.0,0.0
1713664804.2311494,223,0,0,,0.0,0.0,0.0,0.0,0.0,0.0
1713664804.237665,224,0,0,,0.0,0.0,0.0,0.0,0.0,0.0
1713664804.2443144,225,0,0,,0.0,0.0,0.0,0.0,0.0,0.0
1713664804.2510328,226,0,0,,0.0,0.0,0.0,0.0,0.0,0.0
1713664804.2576058,227,0,0,,0.0,0.0,0.0,0.0,0.0,0.0
1713664804.2643154,228,0,0,,0.0,0.0,0.0,0.0,0.0,0.0
1713664804.2709312,229,0,0,,0.0,0.0,0.0,0.0,0.0,0.0
1713664804.2777078,230,0,0,,0.0,0.0,0.0,0.0,0.0,0.0
1713664804.28436,231,0,0,,0.0,0.0,0.0,0.0,0.0,0.0
1713664804.2910266,232,0,0,,0.0,0.0,0.0,0.0,0.0,0.0
1713664804.297771,233,0,0,,0.0,0.0,0.0,0.0,0.0,0.0
1713664804.3043294,234,0,0,,0.0,0.0,0.0,0.0,0.0,0.0
1713664804.3110394,235,0,0,,0.0,0.0,0.0,0.0,0.0,0.0
1713664804.3177536,236,0,0,,0.0,0.0,0.0,0.0,0.0,0.0
1713664804.3245127,237,0,0,,0.0,0.0,0.0,0.0,0.0,0.0
1713664804.3311307,238,0,0,,0.0,0.0,0.0,0.0,0.0,0.0
1713664804.3376338,239,0,0,,0.0,0.0,0.0,0.0,0.0,0.0
1713664804.34435,240,0,0,,0.0,0.0,0.0,0.0,0.0,0.0
1713664804.3510547,241,0,0,,0.0,0.0,0.0,0.0,0.0,0.0
1713664804.3577533,242,0,0,,0.0,0.0,0.0,0.0,0.0,0.0
1713664804.3652933,243,0,0,,0.0,0.0,0.0,0.0,0.0,0.0
1713664804.3719637,244,0,0,,0.0,0.0,0.0,0.0,0.0,0.0
1713664804.3781555,245,0,0,,0.0,0.0,0.0,0.0,0.0,0.0
1713664804.3845518,246,0,0,,0.0,0.0,0.0,0.0,0.0,0.0
1713664804.392003,247,0,0,,0.0,0.0,0.0,0.0,0.0,0.0
1713664804.3979073,248,0,0,,0.0,0.0,0.0,0.0,0.0,0.0
1713664804.4046717,249,0,0,,0.0,0.0,0.0,0.0,0.0,0.0
1713664804.4112842,250,0,0,,0.0,0.0,0.0,0.0,0.0,0.0
1713664804.4181612,251,0,0,,0.0,0.0,0.0,0.0,0.0,0.0
1713664804.4246268,252,0,0,,0.0,0.0,0.0,0.0,0.0,0.0
1713664804.4312768,253,0,0,,0.0,0.0,0.0,0.0,0.0,0.0
1713664804.437879,254,0,0,,0.0,0.0,0.0,0.0,0.0,0.0
1713664804.4446015,255,0,0,,0.0,0.0,0.0,0.0,0.0,0.0
1713664804.4517205,256,0,0,,0.0,0.0,0.0,0.0,0.0,0.0
1713664804.457891,257,0,0,,0.0,0.0,0.0,0.0,0.0,0.0
1713664804.464553,258,0,0,,0.0,0.0,0.0,0.0,0.0,0.0
1713664804.471284,259,0,0,,0.0,0.0,0.0,0.0,0.0,0.0
1713664804.477739,260,0,0,,0.0,0.0,0.0,0.0,0.0,0.0
1713664804.4846966,261,0,0,,0.0,0.0,0.0,0.0,0.0,0.0
1713664804.4915323,262,0,0,,0.0,0.0,0.0,0.0,0.0,0.0
1713664804.4978364,263,0,0,,0.0,0.0,0.0,0.0,0.0,0.0
1713664804.5044365,264,0,0,,0.0,0.0,0.0,0.0,0.0,0.0
1713664804.5111585,265,0,0,,0.0,0.0,0.0,0.0,0.0,0.0
1713664804.5176914,266,0,0,,0.0,0.0,0.0,0.0,0.0,0.0
1713664804.5244362,267,0,0,,0.0,0.0,0.0,0.0,0.0,0.0
1713664804.531,268,0,0,,0.0,0.0,0.0,0.0,0.0,0.0
1713664804.5376632,269,0,0,,0.0,0.0,0.0,0.0,0.0,0.0
1713664804.5442643,270,0,0,,0.0,0.0,0.0,0.0,0.0,0.0
1713664804.5509946,271,0,0,,0.0,0.0,0.0,0.0,0.0,0.0
1713664804.557634,272,0,0,,0.0,0.0,0.0,0.0,0.0,0.0
1713664804.564305,273,0,0,,0.0,0.0,0.0,0.0,0.0,0.0
1713664804.5709202,274,0,0,,0.0,0.0,0.0,0.0,0.0,0.0
1713664804.577533,275,0,0,,0.0,0.0,0.0,0.0,0.0,0.0
1713664804.5842586,276,0,0,,0.0,0.0,0.0,0.0,0.0,0.0
1713664804.5908682,277,0,0,,0.0,0.0,0.0,0.0,0.0,0.0
1713664804.5975614,278,0,0,,0.0,0.0,0.0,0.0,0.0,0.0
1713664804.6043084,279,0,0,,0.0,0.0,0.0,0.0,0.0,0.0
1713664804.6109593,280,0,0,,0.0,0.0,0.0,0.0,0.0,0.0
1713664804.6175735,281,0,0,,0.0,0.0,0.0,0.0,0.0,0.0
1713664804.624275,282,0,0,,0.0,0.0,0.0,0.0,0.0,0.0
1713664804.6309202,283,0,0,,0.0,0.0,0.0,0.0,0.0,0.0
1713664804.6375685,284,0,0,,0.0,0.0,0.0,0.0,0.0,0.0
1713664804.6442332,285,0,0,,0.0,0.0,0.0,0.0,0.0,0.0
1713664804.6509085,286,0,0,,0.0,0.0,0.0,0.0,0.0,0.0
1713664804.657591,287,0,0,,0.0,0.0,0.0,0.0,0.0,0.0
1713664804.6642299,288,0,0,,0.0,0.0,0.0,0.0,0.0,0.0
1713664804.6708927,289,0,0,,0.0,0.0,0.0,0.0,0.0,0.0
1713664804.677589,290,0,0,,0.0,0.0,0.0,0.0,0.0,0.0
1713664804.684268,291,0,0,,0.0,0.0,0.0,0.0,0.0,0.0
1713664804.6909351,292,0,0,,0.0,0.0,0.0,0.0,0.0,0.0
1713664804.6975951,293,0,0,,0.0,0.0,0.0,0.0,0.0,0.0
1713664804.7042692,294,0,0,,0.0,0.0,0.0,0.0,0.0,0.0
1713664804.7109795,295,0,0,,0.0,0.0,0.0,0.0,0.0,0.0
1713664804.7175593,296,0,0,,0.0,0.0,0.0,0.0,0.0,0.0
1713664804.7242594,297,0,0,,0.0,0.0,0.0,0.0,0.0,0.0
1713664804.7309153,298,0,0,,0.0,0.0,0.0,0.0,0.0,0.0
1713664804.7375507,299,0,0,,0.0,0.0,0.0,0.0,0.0,0.0
1713664804.7442884,300,0,0,,0.0,0.0,0.0,0.0,0.0,0.0
1713664804.7508888,301,0,0,,0.0,0.0,0.0,0.0,0.0,0.0
1713664804.7575479,302,0,0,,0.0,0.0,0.0,0.0,0.0,0.0
1713664804.764274,303,0,0,,0.0,0.0,0.0,0.0,0.0,0.0
1713664804.7709012,304,0,0,,0.0,0.0,0.0,0.0,0.0,0.0
1713664804.7775466,305,0,0,,0.0,0.0,0.0,0.0,0.0,0.0
1713664804.784271,306,0,0,,0.0,0.0,0.0,0.0,0.0,0.0
1713664804.7908926,307,0,0,,0.0,0.0,0.0,0.0,0.0,0.0
1713664804.7975652,308,0,0,,0.0,0.0,0.0,0.0,0.0,0.0
1713664804.80423,309,0,0,,0.0,0.0,0.0,0.0,0.0,0.0
1713664804.8108895,310,0,0,,0.0,0.0,0.0,0.0,0.0,0.0
1713664804.8175385,311,0,0,,0.0,0.0,0.0,0.0,0.0,0.0
1713664804.8242137,312,0,0,,0.0,0.0,0.0,0.0,0.0,0.0
1713664804.830924,313,0,0,,0.0,0.0,0.0,0.0,0.0,0.0
1713664804.83752,314,0,0,,0.0,0.0,0.0,0.0,0.0,0.0
1713664804.8443048,315,0,0,,0.0,0.0,0.0,0.0,0.0,0.0
1713664804.8509386,316,0,0,,0.0,0.0,0.0,0.0,0.0,0.0
1713664804.8575335,317,0,0,,0.0,0.0,0.0,0.0,0.0,0.0
1713664804.864265,318,0,0,,0.0,0.0,0.0,0.0,0.0,0.0
1713664804.870959,319,0,0,,0.0,0.0,0.0,0.0,0.0,0.0
1713664804.877549,320,0,0,,0.0,0.0,0.0,0.0,0.0,0.0
1713664804.8842416,321,0,0,,0.0,0.0,0.0,0.0,0.0,0.0
1713664804.8909328,322,0,0,,0.0,0.0,0.0,0.0,0.0,0.0
1713664804.897605,323,0,0,,0.0,0.0,0.0,0.0,0.0,0.0
1713664804.9043152,324,0,0,,0.0,0.0,0.0,0.0,0.0,0.0
1713664804.9108784,325,0,0,,0.0,0.0,0.0,0.0,0.0,0.0
1713664804.9175828,326,0,0,,0.0,0.0,0.0,0.0,0.0,0.0
1713664804.924282,327,0,0,,0.0,0.0,0.0,0.0,0.0,0.0
1713664804.930932,328,0,0,,0.0,0.0,0.0,0.0,0.0,0.0
1713664804.9376445,329,0,0,,0.0,0.0,0.0,0.0,0.0,0.0
1713664804.9442825,330,0,0,,0.0,0.0,0.0,0.0,0.0,0.0
1713664804.9509351,331,0,0,,0.0,0.0,0.0,0.0,0.0,0.0
1713664804.9575746,332,0,0,,0.0,0.0,0.0,0.0,0.0,0.0
1713664804.9642322,333,0,0,,0.0,0.0,0.0,0.0,0.0,0.0
1713664804.970862,334,0,0,,0.0,0.0,0.0,0.0,0.0,0.0
1713664804.9775627,335,0,0,,0.0,0.0,0.0,0.0,0.0,0.0
1713664804.9842584,336,0,0,,0.0,0.0,0.0,0.0,0.0,0.0
1713664804.9909046,337,0,0,,0.0,0.0,0.0,0.0,0.0,0.0
1713664804.9976301,338,0,0,,0.0,0.0,0.0,0.0,0.0,0.0
1713664805.0042484,339,0,0,,0.0,0.0,0.0,0.0,0.0,0.0
1713664805.0109456,340,0,0,,0.0,0.0,0.0,0.0,0.0,0.0
1713664805.017541,341,0,0,,0.0,0.0,0.0,0.0,0.0,0.0
1713664805.024245,342,0,0,,0.0,0.0,0.0,0.0,0.0,0.0
1713664805.030901,343,0,0,,0.0,0.0,0.0,0.0,0.0,0.0
1713664805.0375617,344,0,0,,0.0,0.0,0.0,0.0,0.0,0.0
1713664805.0442574,345,0,0,,0.0,0.0,0.0,0.0,0.0,0.0
1713664805.050876,346,0,0,,0.0,0.0,0.0,0.0,0.0,0.0
1713664805.0575697,347,0,0,,0.0,0.0,0.0,0.0,0.0,0.0
1713664805.0643408,348,0,0,,0.0,0.0,0.0,0.0,0.0,0.0
1713664805.0708933,349,0,0,,0.0,0.0,0.0,0.0,0.0,0.0
1713664805.0775754,350,0,0,,0.0,0.0,0.0,0.0,0.0,0.0
1713664805.0842617,351,0,0,,0.0,0.0,0.0,0.0,0.0,0.0
1713664805.090911,352,0,0,,0.0,0.0,0.0,0.0,0.0,0.0
1713664805.0976226,353,0,0,,0.0,0.0,0.0,0.0,0.0,0.0
1713664805.1042483,354,0,0,,0.0,0.0,0.0,0.0,0.0,0.0
1713664805.1108751,355,0,0,,0.0,0.0,0.0,0.0,0.0,0.0
1713664805.1176014,356,0,0,,0.0,0.0,0.0,0.0,0.0,0.0
1713664805.1242802,357,0,0,,0.0,0.0,0.0,0.0,0.0,0.0
1713664805.1309483,358,0,0,,0.0,0.0,0.0,0.0,0.0,0.0
1713664805.137581,359,0,0,,0.0,0.0,0.0,0.0,0.0,0.0
1713664805.144247,360,0,0,,0.0,0.0,0.0,0.0,0.0,0.0
1713664805.1509233,361,0,0,,0.0,0.0,0.0,0.0,0.0,0.0
1713664805.157581,362,0,0,,0.0,0.0,0.0,0.0,0.0,0.0
1713664805.164263,363,0,0,,0.0,0.0,0.0,0.0,0.0,0.0
1713664805.170905,364,0,0,,0.0,0.0,0.0,0.0,0.0,0.0
1713664805.1775389,365,0,0,,0.0,0.0,0.0,0.0,0.0,0.0
1713664805.1842563,366,0,0,,0.0,0.0,0.0,0.0,0.0,0.0
1713664805.1909406,367,0,0,,0.0,0.0,0.0,0.0,0.0,0.0
1713664805.1976078,368,0,0,,0.0,0.0,0.0,0.0,0.0,0.0
1713664805.2042794,369,0,0,,0.0,0.0,0.0,0.0,0.0,0.0
1713664805.2108817,370,0,0,,0.0,0.0,0.0,0.0,0.0,0.0
1713664805.217554,371,0,0,,0.0,0.0,0.0,0.0,0.0,0.0
1713664805.2242856,372,0,0,,0.0,0.0,0.0,0.0,0.0,0.0
1713664805.2309022,373,0,0,,0.0,0.0,0.0,0.0,0.0,0.0
1713664805.2375789,374,0,0,,0.0,0.0,0.0,0.0,0.0,0.0
1713664805.2442377,375,0,0,,0.0,0.0,0.0,0.0,0.0,0.0
1713664805.2508721,376,0,0,,0.0,0.0,0.0,0.0,0.0,0.0
1713664805.2576034,377,0,0,,0.0,0.0,0.0,0.0,0.0,0.0
1713664805.2642388,378,0,0,,0.0,0.0,0.0,0.0,0.0,0.0
1713664805.2708993,379,0,0,,0.0,0.0,0.0,0.0,0.0,0.0
1713664805.27754,380,0,0,,0.0,0.0,0.0,0.0,0.0,0.0
1713664805.2842498,381,0,0,,0.0,0.0,0.0,0.0,0.0,0.0
1713664805.2909343,382,0,0,,0.0,0.0,0.0,0.0,0.0,0.0
1713664805.29759,383,0,0,,0.0,0.0,0.0,0.0,0.0,0.0
1713664805.3042927,384,0,0,,0.0,0.0,0.0,0.0,0.0,0.0
1713664805.3109112,385,0,0,,0.0,0.0,0.0,0.0,0.0,0.0
1713664805.31759,386,0,0,,0.0,0.0,0.0,0.0,0.0,0.0
1713664805.324242,387,0,0,,0.0,0.0,0.0,0.0,0.0,0.0
1713664805.3310077,388,0,0,,0.0,0.0,0.0,0.0,0.0,0.0
1713664805.337629,389,0,0,,0.0,0.0,0.0,0.0,0.0,0.0
1713664805.344252,390,0,0,,0.0,0.0,0.0,0.0,0.0,0.0
1713664805.3509018,391,0,0,,0.0,0.0,0.0,0.0,0.0,0.0
1713664805.3575926,392,0,0,,0.0,0.0,0.0,0.0,0.0,0.0
1713664805.3642652,393,0,0,,0.0,0.0,0.0,0.0,0.0,0.0
1713664805.3709426,394,0,0,,0.0,0.0,0.0,0.0,0.0,0.0
1713664805.3775764,395,0,0,,0.0,0.0,0.0,0.0,0.0,0.0
1713664805.3842714,396,0,0,,0.0,0.0,0.0,0.0,0.0,0.0
1713664805.3909009,397,0,0,,0.0,0.0,0.0,0.0,0.0,0.0
1713664805.3975706,398,0,0,,0.0,0.0,0.0,0.0,0.0,0.0
1713664805.4042268,399,0,0,,0.0,0.0,0.0,0.0,0.0,0.0
1713664805.4109223,400,0,0,,0.0,0.0,0.0,0.0,0.0,0.0
1713664805.417564,401,0,0,,0.0,0.0,0.0,0.0,0.0,0.0
1713664805.4242728,402,0,0,,0.0,0.0,0.0,0.0,0.0,0.0
1713664805.4309607,403,0,0,,0.0,0.0,0.0,0.0,0.0,0.0
1713664805.4375277,404,0,0,,0.0,0.0,0.0,0.0,0.0,0.0
1713664805.4442654,405,0,0,,0.0,0.0,0.0,0.0,0.0,0.0
1713664805.4508982,406,0,0,,0.0,0.0,0.0,0.0,0.0,0.0
1713664805.4575644,407,0,0,,0.0,0.0,0.0,0.0,0.0,0.0
1713664805.4642627,408,0,0,,0.0,0.0,0.0,0.0,0.0,0.0
1713664805.470894,409,0,0,,0.0,0.0,0.0,0.0,0.0,0.0
1713664805.4775712,410,0,0,,0.0,0.0,0.0,0.0,0.0,0.0
1713664805.4842918,411,0,0,,0.0,0.0,0.0,0.0,0.0,0.0
1713664805.4908795,412,0,0,,0.0,0.0,0.0,0.0,0.0,0.0
1713664805.4975736,413,0,0,,0.0,0.0,0.0,0.0,0.0,0.0
1713664805.50426,414,0,0,,0.0,0.0,0.0,0.0,0.0,0.0
1713664805.5109107,415,0,0,,0.0,0.0,0.0,0.0,0.0,0.0
1713664805.5175529,416,0,0,,0.0,0.0,0.0,0.0,0.0,0.0
1713664805.52427,417,0,0,,0.0,0.0,0.0,0.0,0.0,0.0
1713664805.530913,418,0,0,,0.0,0.0,0.0,0.0,0.0,0.0
1713664805.5375588,419,0,0,,0.0,0.0,0.0,0.0,0.0,0.0
1713664805.5442946,420,0,0,,0.0,0.0,0.0,0.0,0.0,0.0
1713664805.5509403,421,0,0,,0.0,0.0,0.0,0.0,0.0,0.0
1713664805.5575728,422,0,0,,0.0,0.0,0.0,0.0,0.0,0.0
1713664805.5642846,423,0,0,,0.0,0.0,0.0,0.0,0.0,0.0
1713664805.5709467,424,0,0,,0.0,0.0,0.0,0.0,0.0,0.0
1713664805.5775523,425,0,0,,0.0,0.0,0.0,0.0,0.0,0.0
1713664805.584259,426,0,0,,0.0,0.0,0.0,0.0,0.0,0.0
1713664805.590913,427,0,0,,0.0,0.0,0.0,0.0,0.0,0.0
1713664805.5975444,428,0,0,,0.0,0.0,0.0,0.0,0.0,0.0
1713664805.6042457,429,0,0,,0.0,0.0,0.0,0.0,0.0,0.0
1713664805.6109235,430,0,0,,0.0,0.0,0.0,0.0,0.0,0.0
1713664805.6175535,431,0,0,,0.0,0.0,0.0,0.0,0.0,0.0
1713664805.6242807,432,0,0,,0.0,0.0,0.0,0.0,0.0,0.0
1713664805.6308918,433,0,0,,0.0,0.0,0.0,0.0,0.0,0.0
1713664805.6375637,434,0,0,,0.0,0.0,0.0,0.0,0.0,0.0
1713664805.6442912,435,0,0,,0.0,0.0,0.0,0.0,0.0,0.0
1713664805.650882,436,0,0,,0.0,0.0,0.0,0.0,0.0,0.0
1713664805.657533,437,0,0,,0.0,0.0,0.0,0.0,0.0,0.0
1713664805.664246,438,0,0,,0.0,0.0,0.0,0.0,0.0,0.0
1713664805.6709154,439,0,0,,0.0,0.0,0.0,0.0,0.0,0.0
1713664805.6775212,440,0,0,,0.0,0.0,0.0,0.0,0.0,0.0
1713664805.6842606,441,0,0,,0.0,0.0,0.0,0.0,0.0,0.0
1713664805.6909068,442,0,0,,0.0,0.0,0.0,0.0,0.0,0.0
1713664805.6975663,443,0,0,,0.0,0.0,0.0,0.0,0.0,0.0
1713664805.7042618,444,0,0,,0.0,0.0,0.0,0.0,0.0,0.0
1713664805.7109215,445,0,0,,0.0,0.0,0.0,0.0,0.0,0.0
1713664805.7175367,446,0,0,,0.0,0.0,0.0,0.0,0.0,0.0
1713664805.724272,447,0,0,,0.0,0.0,0.0,0.0,0.0,0.0
1713664805.7308967,448,0,0,,0.0,0.0,0.0,0.0,0.0,0.0
1713664805.7375498,449,0,0,,0.0,0.0,0.0,0.0,0.0,0.0
1713664805.7442734,450,0,0,,0.0,0.0,0.0,0.0,0.0,0.0
1713664805.7509096,451,0,0,,0.0,0.0,0.0,0.0,0.0,0.0
1713664805.757525,452,0,0,,0.0,0.0,0.0,0.0,0.0,0.0
1713664805.7642498,453,0,0,,0.0,0.0,0.0,0.0,0.0,0.0
1713664805.7709143,454,0,0,,0.0,0.0,0.0,0.0,0.0,0.0
1713664805.7775376,455,0,0,,0.0,0.0,0.0,0.0,0.0,0.0
1713664805.7842772,456,0,0,,0.0,0.0,0.0,0.0,0.0,0.0
1713664805.7909374,457,0,0,,0.0,0.0,0.0,0.0,0.0,0.0
1713664805.7975671,458,0,0,,0.0,0.0,0.0,0.0,0.0,0.0
1713664805.8042557,459,0,0,,0.0,0.0,0.0,0.0,0.0,0.0
1713664805.8109014,460,0,0,,0.0,0.0,0.0,0.0,0.0,0.0
1713664805.8175445,461,0,0,,0.0,0.0,0.0,0.0,0.0,0.0
1713664805.8242762,462,0,0,,0.0,0.0,0.0,0.0,0.0,0.0
1713664805.8309197,463,0,0,,0.0,0.0,0.0,0.0,0.0,0.0
1713664805.837524,464,0,0,,0.0,0.0,0.0,0.0,0.0,0.0
1713664805.8443167,465,0,0,,0.0,0.0,0.0,0.0,0.0,0.0
1713664805.8509164,466,0,0,,0.0,0.0,0.0,0.0,0.0,0.0
1713664805.857548,467,0,0,,0.0,0.0,0.0,0.0,0.0,0.0
1713664805.8643184,468,0,0,,0.0,0.0,0.0,0.0,0.0,0.0
1713664805.870887,469,0,0,,0.0,0.0,0.0,0.0,0.0,0.0
1713664805.8775258,470,0,0,,0.0,0.0,0.0,0.0,0.0,0.0
1713664805.8842492,471,0,0,,0.0,0.0,0.0,0.0,0.0,0.0
1713664805.8909295,472,0,0,,0.0,0.0,0.0,0.0,0.0,0.0
1713664805.8975499,473,0,0,,0.0,0.0,0.0,0.0,0.0,0.0
1713664805.9042704,474,0,0,,0.0,0.0,0.0,0.0,0.0,0.0
1713664805.9109125,475,0,0,,0.0,0.0,0.0,0.0,0.0,0.0
1713664805.9175305,476,0,0,,0.0,0.0,0.0,0.0,0.0,0.0
1713664805.924261,477,0,0,,0.0,0.0,0.0,0.0,0.0,0.0
1713664805.9308958,478,0,0,,0.0,0.0,0.0,0.0,0.0,0.0
1713664805.9375486,479,0,0,,0.0,0.0,0.0,0.0,0.0,0.0
1713664805.944273,480,0,0,,0.0,0.0,0.0,0.0,0.0,0.0
1713664805.9509103,481,0,0,,0.0,0.0,0.0,0.0,0.0,0.0
1713664805.9575608,482,0,0,,0.0,0.0,0.0,0.0,0.0,0.0
1713664805.9642699,483,0,0,,0.0,0.0,0.0,0.0,0.0,0.0
1713664805.9709296,484,0,0,,0.0,0.0,0.0,0.0,0.0,0.0
1713664805.9775293,485,0,0,,0.0,0.0,0.0,0.0,0.0,0.0
1713664805.9842386,486,0,0,,0.0,0.0,0.0,0.0,0.0,0.0
1713664805.9909327,487,0,0,,0.0,0.0,0.0,0.0,0.0,0.0
1713664805.9975307,488,0,0,,0.0,0.0,0.0,0.0,0.0,0.0
1713664806.0043008,489,0,0,,0.0,0.0,0.0,0.0,0.0,0.0
1713664806.0109663,490,0,0,,0.0,0.0,0.0,0.0,0.0,0.0
1713664806.0175548,491,0,0,,0.0,0.0,0.0,0.0,0.0,0.0
1713664806.0242763,492,0,0,,0.0,0.0,0.0,0.0,0.0,0.0
1713664806.0308688,493,0,0,,0.0,0.0,0.0,0.0,0.0,0.0
1713664806.0375464,494,0,0,,0.0,0.0,0.0,0.0,0.0,0.0
1713664806.0442781,495,0,0,,0.0,0.0,0.0,0.0,0.0,0.0
1713664806.0509038,496,0,0,,0.0,0.0,0.0,0.0,0.0,0.0
1713664806.0575683,497,0,0,,0.0,0.0,0.0,0.0,0.0,0.0
1713664806.0642927,498,0,0,,0.0,0.0,0.0,0.0,0.0,0.0
1713664806.0709462,499,0,0,,0.0,0.0,0.0,0.0,0.0,0.0
1713664806.07755,500,0,0,,0.0,0.0,0.0,0.0,0.0,0.0
1713664806.0842707,501,0,0,,0.0,0.0,0.0,0.0,0.0,0.0
1713664806.0909498,502,0,0,,0.0,0.0,0.0,0.0,0.0,0.0
1713664806.0975974,503,0,0,,0.0,0.0,0.0,0.0,0.0,0.0
1713664806.104266,504,0,0,,0.0,0.0,0.0,0.0,0.0,0.0
1713664806.1109483,505,0,0,,0.0,0.0,0.0,0.0,0.0,0.0
1713664806.1175654,506,0,0,,0.0,0.0,0.0,0.0,0.0,0.0
1713664806.1242535,507,0,0,,0.0,0.0,0.0,0.0,0.0,0.0
1713664806.1308575,508,0,0,,0.0,0.0,0.0,0.0,0.0,0.0
1713664806.1375473,509,0,0,,0.0,0.0,0.0,0.0,0.0,0.0
1713664806.144243,510,0,0,,0.0,0.0,0.0,0.0,0.0,0.0
1713664806.1509256,511,0,0,,0.0,0.0,0.0,0.0,0.0,0.0
1713664806.1575396,512,0,0,,0.0,0.0,0.0,0.0,0.0,0.0
1713664806.1642606,513,0,0,,0.0,0.0,0.0,0.0,0.0,0.0
1713664806.1709292,514,0,0,,0.0,0.0,0.0,0.0,0.0,0.0
1713664806.1775632,515,0,0,,0.0,0.0,0.0,0.0,0.0,0.0
1713664806.1842782,516,0,0,,0.0,0.0,0.0,0.0,0.0,0.0
1713664806.1908991,517,0,0,,0.0,0.0,0.0,0.0,0.0,0.0
1713664806.1975853,518,0,0,,0.0,0.0,0.0,0.0,0.0,0.0
1713664806.204227,519,0,0,,0.0,0.0,0.0,0.0,0.0,0.0
1713664806.2109246,520,0,0,,0.0,0.0,0.0,0.0,0.0,0.0
1713664806.2175653,521,0,0,,0.0,0.0,0.0,0.0,0.0,0.0
1713664806.2242658,522,0,0,,0.0,0.0,0.0,0.0,0.0,0.0
1713664806.2309153,523,0,0,,0.0,0.0,0.0,0.0,0.0,0.0
1713664806.237566,524,0,0,,0.0,0.0,0.0,0.0,0.0,0.0
1713664806.2442842,525,0,0,,0.0,0.0,0.0,0.0,0.0,0.0
1713664806.2508714,526,0,0,,0.0,0.0,0.0,0.0,0.0,0.0
1713664806.2575486,527,0,0,,0.0,0.0,0.0,0.0,0.0,0.0
1713664806.2642791,528,0,0,,0.0,0.0,0.0,0.0,0.0,0.0
1713664806.2709224,529,0,0,,0.0,0.0,0.0,0.0,0.0,0.0
1713664806.2775767,530,0,0,,0.0,0.0,0.0,0.0,0.0,0.0
1713664806.2842853,531,0,0,,0.0,0.0,0.0,0.0,0.0,0.0
1713664806.2909355,532,0,0,,0.0,0.0,0.0,0.0,0.0,0.0
1713664806.2975643,533,0,0,,0.0,0.0,0.0,0.0,0.0,0.0
1713664806.3042452,534,0,0,,0.0,0.0,0.0,0.0,0.0,0.0
1713664806.3109276,535,0,0,,0.0,0.0,0.0,0.0,0.0,0.0
1713664806.3176107,536,0,0,,0.0,0.0,0.0,0.0,0.0,0.0
1713664806.3242707,537,0,0,,0.0,0.0,0.0,0.0,0.0,0.0
1713664806.3309433,538,0,0,,0.0,0.0,0.0,0.0,0.0,0.0
1713664806.3375583,539,0,0,,0.0,0.0,0.0,0.0,0.0,0.0
1713664806.3442924,540,0,0,,0.0,0.0,0.0,0.0,0.0,0.0
1713664806.3509035,541,0,0,,0.0,0.0,0.0,0.0,0.0,0.0
1713664806.3575459,542,0,0,,0.0,0.0,0.0,0.0,0.0,0.0
1713664806.364264,543,0,0,,0.0,0.0,0.0,0.0,0.0,0.0
1713664806.3709474,544,0,0,,0.0,0.0,0.0,0.0,0.0,0.0
1713664806.3775704,545,0,0,,0.0,0.0,0.0,0.0,0.0,0.0
1713664806.3842423,546,0,0,,0.0,0.0,0.0,0.0,0.0,0.0
1713664806.3909383,547,0,0,,0.0,0.0,0.0,0.0,0.0,0.0
1713664806.3976023,548,0,0,,0.0,0.0,0.0,0.0,0.0,0.0
1713664806.4042387,549,0,0,,0.0,0.0,0.0,0.0,0.0,0.0
1713664806.410878,550,0,0,,0.0,0.0,0.0,0.0,0.0,0.0
1713664806.4175472,551,0,0,,0.0,0.0,0.0,0.0,0.0,0.0
1713664806.4242392,552,0,0,,0.0,0.0,0.0,0.0,0.0,0.0
1713664806.4309306,553,0,0,,0.0,0.0,0.0,0.0,0.0,0.0
1713664806.4375684,554,0,0,,0.0,0.0,0.0,0.0,0.0,0.0
1713664806.4441986,555,0,0,,0.0,0.0,0.0,0.0,0.0,0.0
1713664806.4508762,556,0,0,,0.0,0.0,0.0,0.0,0.0,0.0
1713664806.4575498,557,0,0,,0.0,0.0,0.0,0.0,0.0,0.0
1713664806.4642541,558,0,0,,0.0,0.0,0.0,0.0,0.0,0.0
1713664806.470936,559,0,0,,0.0,0.0,0.0,0.0,0.0,0.0
1713664806.4776073,560,0,0,,0.0,0.0,0.0,0.0,0.0,0.0
1713664806.4842963,561,0,0,,0.0,0.0,0.0,0.0,0.0,0.0
1713664806.49101,562,0,0,,0.0,0.0,0.0,0.0,0.0,0.0
1713664806.4975915,563,0,0,,0.0,0.0,0.0,0.0,0.0,0.0
1713664806.5043333,564,0,0,,0.0,0.0,0.0,0.0,0.0,0.0
1713664806.510905,565,0,0,,0.0,0.0,0.0,0.0,0.0,0.0
1713664806.5175803,566,0,0,,0.0,0.0,0.0,0.0,0.0,0.0
1713664806.5242665,567,0,0,,0.0,0.0,0.0,0.0,0.0,0.0
1713664806.53092,568,0,0,,0.0,0.0,0.0,0.0,0.0,0.0
1713664806.5376077,569,0,0,,0.0,0.0,0.0,0.0,0.0,0.0
1713664806.5442455,570,0,0,,0.0,0.0,0.0,0.0,0.0,0.0
1713664806.5508914,571,0,0,,0.0,0.0,0.0,0.0,0.0,0.0
1713664806.5575786,572,0,0,,0.0,0.0,0.0,0.0,0.0,0.0
1713664806.5642533,573,0,0,,0.0,0.0,0.0,0.0,0.0,0.0
1713664806.5709324,574,0,0,,0.0,0.0,0.0,0.0,0.0,0.0
1713664806.577587,575,0,0,,0.0,0.0,0.0,0.0,0.0,0.0
1713664806.5842538,576,0,0,,0.0,0.0,0.0,0.0,0.0,0.0
1713664806.5909348,577,0,0,,0.0,0.0,0.0,0.0,0.0,0.0
1713664806.59761,578,0,0,,0.0,0.0,0.0,0.0,0.0,0.0
1713664806.6043088,579,0,0,,0.0,0.0,0.0,0.0,0.0,0.0
1713664806.6108928,580,0,0,,0.0,0.0,0.0,0.0,0.0,0.0
1713664806.617565,581,0,0,,0.0,0.0,0.0,0.0,0.0,0.0
1713664806.62426,582,0,0,,0.0,0.0,0.0,0.0,0.0,0.0
1713664806.6309135,583,0,0,,0.0,0.0,0.0,0.0,0.0,0.0
1713664806.6375868,584,0,0,,0.0,0.0,0.0,0.0,0.0,0.0
1713664806.644259,585,0,0,,0.0,0.0,0.0,0.0,0.0,0.0
1713664806.650878,586,0,0,,0.0,0.0,0.0,0.0,0.0,0.0
1713664806.657575,587,0,0,,0.0,0.0,0.0,0.0,0.0,0.0
1713664806.664292,588,0,0,,0.0,0.0,0.0,0.0,0.0,0.0
1713664806.6708908,589,0,0,,0.0,0.0,0.0,0.0,0.0,0.0
1713664806.6776013,590,0,0,,0.0,0.0,0.0,0.0,0.0,0.0
1713664806.6842713,591,0,0,,0.0,0.0,0.0,0.0,0.0,0.0
1713664806.6909025,592,0,0,,0.0,0.0,0.0,0.0,0.0,0.0
1713664806.6977477,593,0,0,,0.0,0.0,0.0,0.0,0.0,0.0
1713664806.704343,594,0,0,,0.0,0.0,0.0,0.0,0.0,0.0
1713664806.7109044,595,0,0,,0.0,0.0,0.0,0.0,0.0,0.0
1713664806.7175999,596,0,0,,0.0,0.0,0.0,0.0,0.0,0.0
1713664806.7242956,597,0,0,,0.0,0.0,0.0,0.0,0.0,0.0
1713664806.7309215,598,0,0,,0.0,0.0,0.0,0.0,0.0,0.0
1713664806.7375686,599,0,0,,0.0,0.0,0.0,0.0,0.0,0.0
1713664806.7442698,600,0,0,,0.0,0.0,0.0,0.0,0.0,0.0
1713664806.750922,601,0,0,,0.0,0.0,0.0,0.0,0.0,0.0
1713664806.7576034,602,0,0,,0.0,0.0,0.0,0.0,0.0,0.0
1713664806.76428,603,0,0,,0.0,0.0,0.0,0.0,0.0,0.0
1713664806.7709188,604,0,0,,0.0,0.0,0.0,0.0,0.0,0.0
1713664806.7775254,605,0,0,,0.0,0.0,0.0,0.0,0.0,0.0
1713664806.784262,606,0,0,,0.0,0.0,0.0,0.0,0.0,0.0
1713664806.790948,607,0,0,,0.0,0.0,0.0,0.0,0.0,0.0
1713664806.797572,608,0,0,,0.0,0.0,0.0,0.0,0.0,0.0
1713664806.804235,609,0,0,,0.0,0.0,0.0,0.0,0.0,0.0
1713664806.810933,610,0,0,,0.0,0.0,0.0,0.0,0.0,0.0
1713664806.8175807,611,0,0,,0.0,0.0,0.0,0.0,0.0,0.0
1713664806.8242736,612,0,0,,0.0,0.0,0.0,0.0,0.0,0.0
1713664806.8309486,613,0,0,,0.0,0.0,0.0,0.0,0.0,0.0
1713664806.8375802,614,0,0,,0.0,0.0,0.0,0.0,0.0,0.0
1713664806.8442779,615,0,0,,0.0,0.0,0.0,0.0,0.0,0.0
1713664806.850884,616,0,0,,0.0,0.0,0.0,0.0,0.0,0.0
1713664806.8576295,617,0,0,,0.0,0.0,0.0,0.0,0.0,0.0
1713664806.864221,618,0,0,,0.0,0.0,0.0,0.0,0.0,0.0
1713664806.8708735,619,0,0,,0.0,0.0,0.0,0.0,0.0,0.0
1713664806.8775356,620,0,0,,0.0,0.0,0.0,0.0,0.0,0.0
1713664806.8842583,621,0,0,,0.0,0.0,0.0,0.0,0.0,0.0
1713664806.8909192,622,0,0,,0.0,0.0,0.0,0.0,0.0,0.0
1713664806.8975925,623,0,0,,0.0,0.0,0.0,0.0,0.0,0.0
1713664806.9042454,624,0,0,,0.0,0.0,0.0,0.0,0.0,0.0
1713664806.910889,625,0,0,,0.0,0.0,0.0,0.0,0.0,0.0
1713664806.9175708,626,0,0,,0.0,0.0,0.0,0.0,0.0,0.0
1713664806.9242847,627,0,0,,0.0,0.0,0.0,0.0,0.0,0.0
1713664806.9309325,628,0,0,,0.0,0.0,0.0,0.0,0.0,0.0
1713664806.9375944,629,0,0,,0.0,0.0,0.0,0.0,0.0,0.0
1713664806.9442558,630,0,0,,0.0,0.0,0.0,0.0,0.0,0.0
1713664806.9510005,631,0,0,,0.0,0.0,0.0,0.0,0.0,0.0
1713664806.9575558,632,0,0,,0.0,0.0,0.0,0.0,0.0,0.0
1713664806.964257,633,0,0,,0.0,0.0,0.0,0.0,0.0,0.0
1713664806.9709053,634,0,0,,0.0,0.0,0.0,0.0,0.0,0.0
1713664806.9775417,635,0,0,,0.0,0.0,0.0,0.0,0.0,0.0
1713664806.984262,636,0,0,,0.0,0.0,0.0,0.0,0.0,0.0
1713664806.9908593,637,0,0,,0.0,0.0,0.0,0.0,0.0,0.0
1713664806.9975247,638,0,0,,0.0,0.0,0.0,0.0,0.0,0.0
1713664807.004296,639,0,0,,0.0,0.0,0.0,0.0,0.0,0.0
1713664807.01094,640,0,0,,0.0,0.0,0.0,0.0,0.0,0.0
1713664807.0175688,641,0,0,,0.0,0.0,0.0,0.0,0.0,0.0
1713664807.0242672,642,0,0,,0.0,0.0,0.0,0.0,0.0,0.0
1713664807.0308897,643,0,0,,0.0,0.0,0.0,0.0,0.0,0.0
1713664807.0375447,644,0,0,,0.0,0.0,0.0,0.0,0.0,0.0
1713664807.0442662,645,0,0,,0.0,0.0,0.0,0.0,0.0,0.0
1713664807.050914,646,0,0,,0.0,0.0,0.0,0.0,0.0,0.0
1713664807.0575624,647,0,0,,0.0,0.0,0.0,0.0,0.0,0.0
1713664807.0642202,648,0,0,,0.0,0.0,0.0,0.0,0.0,0.0
1713664807.0708647,649,0,0,,0.0,0.0,0.0,0.0,0.0,0.0
1713664807.0775971,650,0,0,,0.0,0.0,0.0,0.0,0.0,0.0
1713664807.084286,651,0,0,,0.0,0.0,0.0,0.0,0.0,0.0
1713664807.0908926,652,0,0,,0.0,0.0,0.0,0.0,0.0,0.0
1713664807.097562,653,0,0,,0.0,0.0,0.0,0.0,0.0,0.0
1713664807.104289,654,0,0,,0.0,0.0,0.0,0.0,0.0,0.0
1713664807.110909,655,0,0,,0.0,0.0,0.0,0.0,0.0,0.0
1713664807.1175373,656,0,0,,0.0,0.0,0.0,0.0,0.0,0.0
1713664807.124276,657,0,0,,0.0,0.0,0.0,0.0,0.0,0.0
1713664807.1309047,658,0,0,,0.0,0.0,0.0,0.0,0.0,0.0
1713664807.137525,659,0,0,,0.0,0.0,0.0,0.0,0.0,0.0
1713664807.144247,660,0,0,,0.0,0.0,0.0,0.0,0.0,0.0
1713664807.150877,661,0,0,,0.0,0.0,0.0,0.0,0.0,0.0
1713664807.1575353,662,0,0,,0.0,0.0,0.0,0.0,0.0,0.0
1713664807.1642272,663,0,0,,0.0,0.0,0.0,0.0,0.0,0.0
1713664807.1708775,664,0,0,,0.0,0.0,0.0,0.0,0.0,0.0
1713664807.177582,665,0,0,,0.0,0.0,0.0,0.0,0.0,0.0
1713664807.1842577,666,0,0,,0.0,0.0,0.0,0.0,0.0,0.0
1713664807.190882,667,0,0,,0.0,0.0,0.0,0.0,0.0,0.0
1713664807.197531,668,0,0,,0.0,0.0,0.0,0.0,0.0,0.0
1713664807.204248,669,0,0,,0.0,0.0,0.0,0.0,0.0,0.0
1713664807.2109654,670,0,0,,0.0,0.0,0.0,0.0,0.0,0.0
1713664807.2175977,671,0,0,,0.0,0.0,0.0,0.0,0.0,0.0
1713664807.2242787,672,0,0,,0.0,0.0,0.0,0.0,0.0,0.0
1713664807.2308915,673,0,0,,0.0,0.0,0.0,0.0,0.0,0.0
1713664807.2375753,674,0,0,,0.0,0.0,0.0,0.0,0.0,0.0
1713664807.2442665,675,0,0,,0.0,0.0,0.0,0.0,0.0,0.0
1713664807.250943,676,0,0,,0.0,0.0,0.0,0.0,0.0,0.0
1713664807.2575812,677,0,0,,0.0,0.0,0.0,0.0,0.0,0.0
1713664807.2642603,678,0,0,,0.0,0.0,0.0,0.0,0.0,0.0
1713664807.2708766,679,0,0,,0.0,0.0,0.0,0.0,0.0,0.0
1713664807.2775302,680,0,0,,0.0,0.0,0.0,0.0,0.0,0.0
1713664807.2842598,681,0,0,,0.0,0.0,0.0,0.0,0.0,0.0
1713664807.2908602,682,0,0,,0.0,0.0,0.0,0.0,0.0,0.0
1713664807.2975798,683,0,0,,0.0,0.0,0.0,0.0,0.0,0.0
1713664807.3042922,684,0,0,,0.0,0.0,0.0,0.0,0.0,0.0
1713664807.3109105,685,0,0,,0.0,0.0,0.0,0.0,0.0,0.0
1713664807.3175573,686,0,0,,0.0,0.0,0.0,0.0,0.0,0.0
1713664807.3242505,687,0,0,,0.0,0.0,0.0,0.0,0.0,0.0
1713664807.330873,688,0,0,,0.0,0.0,0.0,0.0,0.0,0.0
1713664807.3376033,689,0,0,,0.0,0.0,0.0,0.0,0.0,0.0
1713664807.344232,690,0,0,,0.0,0.0,0.0,0.0,0.0,0.0
1713664807.3508694,691,0,0,,0.0,0.0,0.0,0.0,0.0,0.0
1713664807.3575675,692,0,0,,0.0,0.0,0.0,0.0,0.0,0.0
1713664807.3642392,693,0,0,,0.0,0.0,0.0,0.0,0.0,0.0
1713664807.3709114,694,0,0,,0.0,0.0,0.0,0.0,0.0,0.0
1713664807.377565,695,0,0,,0.0,0.0,0.0,0.0,0.0,0.0
1713664807.3842525,696,0,0,,0.0,0.0,0.0,0.0,0.0,0.0
1713664807.390864,697,0,0,,0.0,0.0,0.0,0.0,0.0,0.0
1713664807.3975668,698,0,0,,0.0,0.0,0.0,0.0,0.0,0.0
1713664807.404231,699,0,0,,0.0,0.0,0.0,0.0,0.0,0.0
1713664807.41087,700,0,0,,0.0,0.0,0.0,0.0,0.0,0.0
1713664807.4175508,701,0,0,,0.0,0.0,0.0,0.0,0.0,0.0
1713664807.4242542,702,0,0,,0.0,0.0,0.0,0.0,0.0,0.0
1713664807.4308932,703,0,0,,0.0,0.0,0.0,0.0,0.0,0.0
1713664807.4375536,704,0,0,,0.0,0.0,0.0,0.0,0.0,0.0
1713664807.4442363,705,0,0,,0.0,0.0,0.0,0.0,0.0,0.0
1713664807.4508896,706,0,0,,0.0,0.0,0.0,0.0,0.0,0.0
1713664807.4575655,707,0,0,,0.0,0.0,0.0,0.0,0.0,0.0
1713664807.4643044,708,0,0,,0.0,0.0,0.0,0.0,0.0,0.0
1713664807.470911,709,0,0,,0.0,0.0,0.0,0.0,0.0,0.0
1713664807.4775498,710,0,0,,0.0,0.0,0.0,0.0,0.0,0.0
1713664807.4842894,711,0,0,,0.0,0.0,0.0,0.0,0.0,0.0
1713664807.4909449,712,0,0,,0.0,0.0,0.0,0.0,0.0,0.0
1713664807.4977355,713,0,0,,0.0,0.0,0.0,0.0,0.0,0.0
1713664807.5043101,714,0,0,,0.0,0.0,0.0,0.0,0.0,0.0
1713664807.510892,715,0,0,,0.0,0.0,0.0,0.0,0.0,0.0
1713664807.517545,716,0,0,,0.0,0.0,0.0,0.0,0.0,0.0
1713664807.5242372,717,0,0,,0.0,0.0,0.0,0.0,0.0,0.0
1713664807.5309246,718,0,0,,0.0,0.0,0.0,0.0,0.0,0.0
1713664807.5375981,719,0,0,,0.0,0.0,0.0,0.0,0.0,0.0
1713664807.544243,720,0,0,,0.0,0.0,0.0,0.0,0.0,0.0
1713664807.5508754,721,0,0,,0.0,0.0,0.0,0.0,0.0,0.0
1713664807.5577037,722,0,0,,0.0,0.0,0.0,0.0,0.0,0.0
1713664807.5642827,723,0,0,,0.0,0.0,0.0,0.0,0.0,0.0
1713664807.5709121,724,0,0,,0.0,0.0,0.0,0.0,0.0,0.0
1713664807.577575,725,0,0,,0.0,0.0,0.0,0.0,0.0,0.0
1713664807.584261,726,0,0,,0.0,0.0,0.0,0.0,0.0,0.0
1713664807.59094,727,0,0,,0.0,0.0,0.0,0.0,0.0,0.0
1713664807.5975661,728,0,0,,0.0,0.0,0.0,0.0,0.0,0.0
1713664807.6042821,729,0,0,,0.0,0.0,0.0,0.0,0.0,0.0
1713664807.6109185,730,0,0,,0.0,0.0,0.0,0.0,0.0,0.0
1713664807.6175754,731,0,0,,0.0,0.0,0.0,0.0,0.0,0.0
1713664807.624258,732,0,0,,0.0,0.0,0.0,0.0,0.0,0.0
1713664807.6309266,733,0,0,,0.0,0.0,0.0,0.0,0.0,0.0
1713664807.637546,734,0,0,,0.0,0.0,0.0,0.0,0.0,0.0
1713664807.6442423,735,0,0,,0.0,0.0,0.0,0.0,0.0,0.0
1713664807.6508899,736,0,0,,0.0,0.0,0.0,0.0,0.0,0.0
1713664807.6575692,737,0,0,,0.0,0.0,0.0,0.0,0.0,0.0
1713664807.6642606,738,0,0,,0.0,0.0,0.0,0.0,0.0,0.0
1713664807.6708937,739,0,0,,0.0,0.0,0.0,0.0,0.0,0.0
1713664807.677575,740,0,0,,0.0,0.0,0.0,0.0,0.0,0.0
1713664807.684284,741,0,0,,0.0,0.0,0.0,0.0,0.0,0.0
1713664807.6908712,742,0,0,,0.0,0.0,0.0,0.0,0.0,0.0
1713664807.6975775,743,0,0,,0.0,0.0,0.0,0.0,0.0,0.0
1713664807.7043333,744,0,0,,0.0,0.0,0.0,0.0,0.0,0.0
1713664807.7109406,745,0,0,,0.0,0.0,0.0,0.0,0.0,0.0
1713664807.717566,746,0,0,,0.0,0.0,0.0,0.0,0.0,0.0
1713664807.7242715,747,0,0,,0.0,0.0,0.0,0.0,0.0,0.0
1713664807.7308984,748,0,0,,0.0,0.0,0.0,0.0,0.0,0.0
1713664807.7376037,749,0,0,,0.0,0.0,0.0,0.0,0.0,0.0
1713664807.7442548,750,0,0,,0.0,0.0,0.0,0.0,0.0,0.0
1713664807.7508938,751,0,0,,0.0,0.0,0.0,0.0,0.0,0.0
1713664807.7576082,752,0,0,,0.0,0.0,0.0,0.0,0.0,0.0
1713664807.764253,753,0,0,,0.0,0.0,0.0,0.0,0.0,0.0
1713664807.7708936,754,0,0,,0.0,0.0,0.0,0.0,0.0,0.0
1713664807.7775435,755,0,0,,0.0,0.0,0.0,0.0,0.0,0.0
1713664807.784279,756,0,0,,0.0,0.0,0.0,0.0,0.0,0.0
1713664807.7909024,757,0,0,,0.0,0.0,0.0,0.0,0.0,0.0
1713664807.7976108,758,0,0,,0.0,0.0,0.0,0.0,0.0,0.0
1713664807.804246,759,0,0,,0.0,0.0,0.0,0.0,0.0,0.0
1713664807.8109179,760,0,0,,0.0,0.0,0.0,0.0,0.0,0.0
1713664807.8175845,761,0,0,,0.0,0.0,0.0,0.0,0.0,0.0
1713664807.8242505,762,0,0,,0.0,0.0,0.0,0.0,0.0,0.0
1713664807.8309004,763,0,0,,0.0,0.0,0.0,0.0,0.0,0.0
1713664807.8375523,764,0,0,,0.0,0.0,0.0,0.0,0.0,0.0
1713664807.844228,765,0,0,,0.0,0.0,0.0,0.0,0.0,0.0
1713664807.8508549,766,0,0,,0.0,0.0,0.0,0.0,0.0,0.0
1713664807.8575716,767,0,0,,0.0,0.0,0.0,0.0,0.0,0.0
1713664807.8643014,768,0,0,,0.0,0.0,0.0,0.0,0.0,0.0
1713664807.870925,769,0,0,,0.0,0.0,0.0,0.0,0.0,0.0
1713664807.877597,770,0,0,,0.0,0.0,0.0,0.0,0.0,0.0
1713664807.8842793,771,0,0,,0.0,0.0,0.0,0.0,0.0,0.0
1713664807.890953,772,0,0,,0.0,0.0,0.0,0.0,0.0,0.0
1713664807.897571,773,0,0,,0.0,0.0,0.0,0.0,0.0,0.0
1713664807.9042614,774,0,0,,0.0,0.0,0.0,0.0,0.0,0.0
1713664807.910936,775,0,0,,0.0,0.0,0.0,0.0,0.0,0.0
1713664807.9175754,776,0,0,,0.0,0.0,0.0,0.0,0.0,0.0
1713664807.924261,777,0,0,,0.0,0.0,0.0,0.0,0.0,0.0
1713664807.9309309,778,0,0,,0.0,0.0,0.0,0.0,0.0,0.0
1713664807.9375818,779,0,0,,0.0,0.0,0.0,0.0,0.0,0.0
1713664807.944301,780,0,0,,0.0,0.0,0.0,0.0,0.0,0.0
1713664807.9509428,781,0,0,,0.0,0.0,0.0,0.0,0.0,0.0
1713664807.9575906,782,0,0,,0.0,0.0,0.0,0.0,0.0,0.0
1713664807.9642541,783,0,0,,0.0,0.0,0.0,0.0,0.0,0.0
1713664807.970909,784,0,0,,0.0,0.0,0.0,0.0,0.0,0.0
1713664807.9775941,785,0,0,,0.0,0.0,0.0,0.0,0.0,0.0
1713664807.984289,786,0,0,,0.0,0.0,0.0,0.0,0.0,0.0
1713664807.990879,787,0,0,,0.0,0.0,0.0,0.0,0.0,0.0
1713664807.9975681,788,0,0,,0.0,0.0,0.0,0.0,0.0,0.0
1713664808.0042543,789,0,0,,0.0,0.0,0.0,0.0,0.0,0.0
1713664808.0108845,790,0,0,,0.0,0.0,0.0,0.0,0.0,0.0
1713664808.0175257,791,0,0,,0.0,0.0,0.0,0.0,0.0,0.0
1713664808.0242474,792,0,0,,0.0,0.0,0.0,0.0,0.0,0.0
1713664808.0308778,793,0,0,,0.0,0.0,0.0,0.0,0.0,0.0
1713664808.0375712,794,0,0,,0.0,0.0,0.0,0.0,0.0,0.0
1713664808.044283,795,0,0,,0.0,0.0,0.0,0.0,0.0,0.0
1713664808.0509243,796,0,0,,0.0,0.0,0.0,0.0,0.0,0.0
1713664808.0575461,797,0,0,,0.0,0.0,0.0,0.0,0.0,0.0
1713664808.064236,798,0,0,,0.0,0.0,0.0,0.0,0.0,0.0
1713664808.0709164,799,0,0,,0.0,0.0,0.0,0.0,0.0,0.0
1713664808.0775342,800,0,0,,0.0,0.0,0.0,0.0,0.0,0.0
1713664808.0842707,801,0,0,,0.0,0.0,0.0,0.0,0.0,0.0
1713664808.090905,802,0,0,,0.0,0.0,0.0,0.0,0.0,0.0
1713664808.0975425,803,0,0,,0.0,0.0,0.0,0.0,0.0,0.0
1713664808.1043231,804,0,0,,0.0,0.0,0.0,0.0,0.0,0.0
1713664808.11086,805,0,0,,0.0,0.0,0.0,0.0,0.0,0.0
1713664808.1175723,806,0,0,,0.0,0.0,0.0,0.0,0.0,0.0
1713664808.124267,807,0,0,,0.0,0.0,0.0,0.0,0.0,0.0
1713664808.1309388,808,0,0,,0.0,0.0,0.0,0.0,0.0,0.0
1713664808.1376286,809,0,0,,0.0,0.0,0.0,0.0,0.0,0.0
1713664808.144284,810,0,0,,0.0,0.0,0.0,0.0,0.0,0.0
1713664808.1509256,811,0,0,,0.0,0.0,0.0,0.0,0.0,0.0
1713664808.157549,812,0,0,,0.0,0.0,0.0,0.0,0.0,0.0
1713664808.1642714,813,0,0,,0.0,0.0,0.0,0.0,0.0,0.0
1713664808.1708975,814,0,0,,0.0,0.0,0.0,0.0,0.0,0.0
1713664808.1775293,815,0,0,,0.0,0.0,0.0,0.0,0.0,0.0
1713664808.1842995,816,0,0,,0.0,0.0,0.0,0.0,0.0,0.0
1713664808.190899,817,0,0,,0.0,0.0,0.0,0.0,0.0,0.0
1713664808.1976433,818,0,0,,0.0,0.0,0.0,0.0,0.0,0.0
1713664808.2043207,819,0,0,,0.0,0.0,0.0,0.0,0.0,0.0
1713664808.21095,820,0,0,,0.0,0.0,0.0,0.0,0.0,0.0
1713664808.2176092,821,0,0,,0.0,0.0,0.0,0.0,0.0,0.0
1713664808.2242532,822,0,0,,0.0,0.0,0.0,0.0,0.0,0.0
1713664808.2309299,823,0,0,,0.0,0.0,0.0,0.0,0.0,0.0
1713664808.2375255,824,0,0,,0.0,0.0,0.0,0.0,0.0,0.0
1713664808.244253,825,0,0,,0.0,0.0,0.0,0.0,0.0,0.0
1713664808.2509077,826,0,0,,0.0,0.0,0.0,0.0,0.0,0.0
1713664808.2575552,827,0,0,,0.0,0.0,0.0,0.0,0.0,0.0
1713664808.2643151,828,0,0,,0.0,0.0,0.0,0.0,0.0,0.0
1713664808.2709248,829,0,0,,0.0,0.0,0.0,0.0,0.0,0.0
1713664808.2776098,830,0,0,,0.0,0.0,0.0,0.0,0.0,0.0
1713664808.2843063,831,0,0,,0.0,0.0,0.0,0.0,0.0,0.0
1713664808.2909448,832,0,0,,0.0,0.0,0.0,0.0,0.0,0.0
1713664808.2976093,833,0,0,,0.0,0.0,0.0,0.0,0.0,0.0
1713664808.3042789,834,0,0,,0.0,0.0,0.0,0.0,0.0,0.0
1713664808.3109584,835,0,0,,0.0,0.0,0.0,0.0,0.0,0.0
1713664808.3176064,836,0,0,,0.0,0.0,0.0,0.0,0.0,0.0
1713664808.3242269,837,0,0,,0.0,0.0,0.0,0.0,0.0,0.0
1713664808.3309624,838,0,0,,0.0,0.0,0.0,0.0,0.0,0.0
1713664808.3376,839,0,0,,0.0,0.0,0.0,0.0,0.0,0.0
1713664808.3442876,840,0,0,,0.0,0.0,0.0,0.0,0.0,0.0
1713664808.3508928,841,0,0,,0.0,0.0,0.0,0.0,0.0,0.0
1713664808.357698,842,0,0,,0.0,0.0,0.0,0.0,0.0,0.0
1713664808.3642805,843,0,0,,0.0,0.0,0.0,0.0,0.0,0.0
1713664808.37091,844,0,0,,0.0,0.0,0.0,0.0,0.0,0.0
1713664808.3775368,845,0,0,,0.0,0.0,0.0,0.0,0.0,0.0
1713664808.3842442,846,0,0,,0.0,0.0,0.0,0.0,0.0,0.0
1713664808.3909533,847,0,0,,0.0,0.0,0.0,0.0,0.0,0.0
1713664808.3975582,848,0,0,,0.0,0.0,0.0,0.0,0.0,0.0
1713664808.4042742,849,0,0,,0.0,0.0,0.0,0.0,0.0,0.0
1713664808.4108748,850,0,0,,0.0,0.0,0.0,0.0,0.0,0.0
1713664808.417584,851,0,0,,0.0,0.0,0.0,0.0,0.0,0.0
1713664808.424282,852,0,0,,0.0,0.0,0.0,0.0,0.0,0.0
1713664808.4309323,853,0,0,,0.0,0.0,0.0,0.0,0.0,0.0
1713664808.4375448,854,0,0,,0.0,0.0,0.0,0.0,0.0,0.0
1713664808.4442592,855,0,0,,0.0,0.0,0.0,0.0,0.0,0.0
1713664808.4509473,856,0,0,,0.0,0.0,0.0,0.0,0.0,0.0
1713664808.4576213,857,0,0,,0.0,0.0,0.0,0.0,0.0,0.0
1713664808.4642696,858,0,0,,0.0,0.0,0.0,0.0,0.0,0.0
1713664808.4709835,859,0,0,,0.0,0.0,0.0,0.0,0.0,0.0
1713664808.477574,860,0,0,,0.0,0.0,0.0,0.0,0.0,0.0
1713664808.4842768,861,0,0,,0.0,0.0,0.0,0.0,0.0,0.0
1713664808.490984,862,0,0,,0.0,0.0,0.0,0.0,0.0,0.0
1713664808.4976287,863,0,0,,0.0,0.0,0.0,0.0,0.0,0.0
1713664808.5042973,864,0,0,,0.0,0.0,0.0,0.0,0.0,0.0
1713664808.5109663,865,0,0,,0.0,0.0,0.0,0.0,0.0,0.0
1713664808.5176094,866,0,0,,0.0,0.0,0.0,0.0,0.0,0.0
1713664808.5242674,867,0,0,,0.0,0.0,0.0,0.0,0.0,0.0
1713664808.530935,868,0,0,,0.0,0.0,0.0,0.0,0.0,0.0
1713664808.537607,869,0,0,,0.0,0.0,0.0,0.0,0.0,0.0
1713664808.5442855,870,0,0,,0.0,0.0,0.0,0.0,0.0,0.0
1713664808.5509431,871,0,0,,0.0,0.0,0.0,0.0,0.0,0.0
1713664808.5576048,872,0,0,,0.0,0.0,0.0,0.0,0.0,0.0
1713664808.5642614,873,0,0,,0.0,0.0,0.0,0.0,0.0,0.0
1713664808.5709372,874,0,0,,0.0,0.0,0.0,0.0,0.0,0.0
1713664808.5775316,875,0,0,,0.0,0.0,0.0,0.0,0.0,0.0
1713664808.5842597,876,0,0,,0.0,0.0,0.0,0.0,0.0,0.0
1713664808.5908844,877,0,0,,0.0,0.0,0.0,0.0,0.0,0.0
1713664808.597572,878,0,0,,0.0,0.0,0.0,0.0,0.0,0.0
1713664808.6042826,879,0,0,,0.0,0.0,0.0,0.0,0.0,0.0
1713664808.6109128,880,0,0,,0.0,0.0,0.0,0.0,0.0,0.0
1713664808.6175542,881,0,0,,0.0,0.0,0.0,0.0,0.0,0.0
1713664808.624241,882,0,0,,0.0,0.0,0.0,0.0,0.0,0.0
1713664808.6309328,883,0,0,,0.0,0.0,0.0,0.0,0.0,0.0
1713664808.637547,884,0,0,,0.0,0.0,0.0,0.0,0.0,0.0
1713664808.6442347,885,0,0,,0.0,0.0,0.0,0.0,0.0,0.0
1713664808.6509187,886,0,0,,0.0,0.0,0.0,0.0,0.0,0.0
1713664808.6575353,887,0,0,,0.0,0.0,0.0,0.0,0.0,0.0
1713664808.6642756,888,0,0,,0.0,0.0,0.0,0.0,0.0,0.0
1713664808.6709318,889,0,0,,0.0,0.0,0.0,0.0,0.0,0.0
1713664808.6775546,890,0,0,,0.0,0.0,0.0,0.0,0.0,0.0
1713664808.6842833,891,0,0,,0.0,0.0,0.0,0.0,0.0,0.0
1713664808.690921,892,0,0,,0.0,0.0,0.0,0.0,0.0,0.0
1713664808.6975913,893,0,0,,0.0,0.0,0.0,0.0,0.0,0.0
1713664808.7042825,894,0,0,,0.0,0.0,0.0,0.0,0.0,0.0
1713664808.7109482,895,0,0,,0.0,0.0,0.0,0.0,0.0,0.0
1713664808.717558,896,0,0,,0.0,0.0,0.0,0.0,0.0,0.0
1713664808.7242384,897,0,0,,0.0,0.0,0.0,0.0,0.0,0.0
1713664808.7309227,898,0,0,,0.0,0.0,0.0,0.0,0.0,0.0
1713664808.7375896,899,0,0,,0.0,0.0,0.0,0.0,0.0,0.0
1713664808.7442822,900,0,0,,0.0,0.0,0.0,0.0,0.0,0.0
1713664808.750891,901,0,0,,0.0,0.0,0.0,0.0,0.0,0.0
1713664808.7575736,902,0,0,,0.0,0.0,0.0,0.0,0.0,0.0
1713664808.7642386,903,0,0,,0.0,0.0,0.0,0.0,0.0,0.0
1713664808.770936,904,0,0,,0.0,0.0,0.0,0.0,0.0,0.0
1713664808.777579,905,0,0,,0.0,0.0,0.0,0.0,0.0,0.0
1713664808.7842803,906,0,0,,0.0,0.0,0.0,0.0,0.0,0.0
1713664808.790924,907,0,0,,0.0,0.0,0.0,0.0,0.0,0.0
1713664808.797585,908,0,0,,0.0,0.0,0.0,0.0,0.0,0.0
1713664808.804269,909,0,0,,0.0,0.0,0.0,0.0,0.0,0.0
1713664808.8108625,910,0,0,,0.0,0.0,0.0,0.0,0.0,0.0
1713664808.817582,911,0,0,,0.0,0.0,0.0,0.0,0.0,0.0
1713664808.8242238,912,0,0,,0.0,0.0,0.0,0.0,0.0,0.0
1713664808.8309207,913,0,0,,0.0,0.0,0.0,0.0,0.0,0.0
1713664808.837591,914,0,0,,0.0,0.0,0.0,0.0,0.0,0.0
1713664808.8442807,915,0,0,,0.0,0.0,0.0,0.0,0.0,0.0
1713664808.850904,916,0,0,,0.0,0.0,0.0,0.0,0.0,0.0
1713664808.85762,917,0,0,,0.0,0.0,0.0,0.0,0.0,0.0
1713664808.864272,918,0,0,,0.0,0.0,0.0,0.0,0.0,0.0
1713664808.8709333,919,0,0,,0.0,0.0,0.0,0.0,0.0,0.0
1713664808.8776052,920,0,0,,0.0,0.0,0.0,0.0,0.0,0.0
1713664808.884264,921,0,0,,0.0,0.0,0.0,0.0,0.0,0.0
1713664808.8909323,922,0,0,,0.0,0.0,0.0,0.0,0.0,0.0
1713664808.8975697,923,0,0,,0.0,0.0,0.0,0.0,0.0,0.0
1713664808.9043088,924,0,0,,0.0,0.0,0.0,0.0,0.0,0.0
1713664808.910929,925,0,0,,0.0,0.0,0.0,0.0,0.0,0.0
1713664808.9176185,926,0,0,,0.0,0.0,0.0,0.0,0.0,0.0
1713664808.9242284,927,0,0,,0.0,0.0,0.0,0.0,0.0,0.0
1713664808.9309063,928,0,0,,0.0,0.0,0.0,0.0,0.0,0.0
1713664808.9376166,929,0,0,,0.0,0.0,0.0,0.0,0.0,0.0
1713664808.9442728,930,0,0,,0.0,0.0,0.0,0.0,0.0,0.0
1713664808.9509172,931,0,0,,0.0,0.0,0.0,0.0,0.0,0.0
1713664808.9576108,932,0,0,,0.0,0.0,0.0,0.0,0.0,0.0
1713664808.9642735,933,0,0,,0.0,0.0,0.0,0.0,0.0,0.0
1713664808.9708803,934,0,0,,0.0,0.0,0.0,0.0,0.0,0.0
1713664808.9776094,935,0,0,,0.0,0.0,0.0,0.0,0.0,0.0
1713664808.9842832,936,0,0,,0.0,0.0,0.0,0.0,0.0,0.0
1713664808.9909368,937,0,0,,0.0,0.0,0.0,0.0,0.0,0.0
1713664808.9975662,938,0,0,,0.0,0.0,0.0,0.0,0.0,0.0
1713664809.0043044,939,0,0,,0.0,0.0,0.0,0.0,0.0,0.0
1713664809.0109189,940,0,0,,0.0,0.0,0.0,0.0,0.0,0.0
1713664809.0175593,941,0,0,,0.0,0.0,0.0,0.0,0.0,0.0
1713664809.0242305,942,0,0,,0.0,0.0,0.0,0.0,0.0,0.0
1713664809.0309043,943,0,0,,0.0,0.0,0.0,0.0,0.0,0.0
1713664809.037538,944,0,0,,0.0,0.0,0.0,0.0,0.0,0.0
1713664809.0442212,945,0,0,,0.0,0.0,0.0,0.0,0.0,0.0
1713664809.0509014,946,0,0,,0.0,0.0,0.0,0.0,0.0,0.0
1713664809.0575566,947,0,0,,0.0,0.0,0.0,0.0,0.0,0.0
1713664809.064298,948,0,0,,0.0,0.0,0.0,0.0,0.0,0.0
1713664809.0709062,949,0,0,,0.0,0.0,0.0,0.0,0.0,0.0
1713664809.0775473,950,0,0,,0.0,0.0,0.0,0.0,0.0,0.0
1713664809.084215,951,0,0,,0.0,0.0,0.0,0.0,0.0,0.0
1713664809.0909498,952,0,0,,0.0,0.0,0.0,0.0,0.0,0.0
1713664809.0975828,953,0,0,,0.0,0.0,0.0,0.0,0.0,0.0
1713664809.104249,954,0,0,,0.0,0.0,0.0,0.0,0.0,0.0
1713664809.1108944,955,0,0,,0.0,0.0,0.0,0.0,0.0,0.0
1713664809.1175637,956,0,0,,0.0,0.0,0.0,0.0,0.0,0.0
1713664809.1242192,957,0,0,,0.0,0.0,0.0,0.0,0.0,0.0
1713664809.1308994,958,0,0,,0.0,0.0,0.0,0.0,0.0,0.0
1713664809.1375759,959,0,0,,0.0,0.0,0.0,0.0,0.0,0.0
1713664809.1442566,960,0,0,,0.0,0.0,0.0,0.0,0.0,0.0
1713664809.1508703,961,0,0,,0.0,0.0,0.0,0.0,0.0,0.0
1713664809.1575875,962,0,0,,0.0,0.0,0.0,0.0,0.0,0.0
1713664809.1642714,963,0,0,,0.0,0.0,0.0,0.0,0.0,0.0
1713664809.170911,964,0,0,,0.0,0.0,0.0,0.0,0.0,0.0
1713664809.1775465,965,0,0,,0.0,0.0,0.0,0.0,0.0,0.0
1713664809.1842847,966,0,0,,0.0,0.0,0.0,0.0,0.0,0.0
1713664809.1909032,967,0,0,,0.0,0.0,0.0,0.0,0.0,0.0
1713664809.1975887,968,0,0,,0.0,0.0,0.0,0.0,0.0,0.0
1713664809.2042396,969,0,0,,0.0,0.0,0.0,0.0,0.0,0.0
1713664809.2108822,970,0,0,,0.0,0.0,0.0,0.0,0.0,0.0
1713664809.2175598,971,0,0,,0.0,0.0,0.0,0.0,0.0,0.0
1713664809.224242,972,0,0,,0.0,0.0,0.0,0.0,0.0,0.0
1713664809.2308702,973,0,0,,0.0,0.0,0.0,0.0,0.0,0.0
1713664809.2375162,974,0,0,,0.0,0.0,0.0,0.0,0.0,0.0
1713664809.2442465,975,0,0,,0.0,0.0,0.0,0.0,0.0,0.0
1713664809.2508829,976,0,0,,0.0,0.0,0.0,0.0,0.0,0.0
1713664809.2575672,977,0,0,,0.0,0.0,0.0,0.0,0.0,0.0
1713664809.2642803,978,0,0,,0.0,0.0,0.0,0.0,0.0,0.0
1713664809.2709043,979,0,0,,0.0,0.0,0.0,0.0,0.0,0.0
1713664809.2775583,980,0,0,,0.0,0.0,0.0,0.0,0.0,0.0
1713664809.284264,981,0,0,,0.0,0.0,0.0,0.0,0.0,0.0
1713664809.290927,982,0,0,,0.0,0.0,0.0,0.0,0.0,0.0
1713664809.2975593,983,0,0,,0.0,0.0,0.0,0.0,0.0,0.0
1713664809.3042905,984,0,0,,0.0,0.0,0.0,0.0,0.0,0.0
1713664809.3109176,985,0,0,,0.0,0.0,0.0,0.0,0.0,0.0
1713664809.317584,986,0,0,,0.0,0.0,0.0,0.0,0.0,0.0
1713664809.3242736,987,0,0,,0.0,0.0,0.0,0.0,0.0,0.0
1713664809.3309014,988,0,0,,0.0,0.0,0.0,0.0,0.0,0.0
1713664809.3375878,989,0,0,,0.0,0.0,0.0,0.0,0.0,0.0
1713664809.3442597,990,0,0,,0.0,0.0,0.0,0.0,0.0,0.0
1713664809.3508985,991,0,0,,0.0,0.0,0.0,0.0,0.0,0.0
1713664809.3575509,992,0,0,,0.0,0.0,0.0,0.0,0.0,0.0
1713664809.3642375,993,0,0,,0.0,0.0,0.0,0.0,0.0,0.0
1713664809.3708992,994,0,0,,0.0,0.0,0.0,0.0,0.0,0.0
1713664809.3775568,995,0,0,,0.0,0.0,0.0,0.0,0.0,0.0
1713664809.3843029,996,0,0,,0.0,0.0,0.0,0.0,0.0,0.0
1713664809.390889,997,0,0,,0.0,0.0,0.0,0.0,0.0,0.0
1713664809.3975825,998,0,0,,0.0,0.0,0.0,0.0,0.0,0.0
1713664809.4042702,999,0,0,,0.0,0.0,0.0,0.0,0.0,0.0
1713664809.4108934,1000,0,0,,0.0,0.0,0.0,0.0,0.0,0.0
1713664809.417621,1001,0,0,,0.0,0.0,0.0,0.0,0.0,0.0
1713664809.424289,1002,0,0,,0.0,0.0,0.0,0.0,0.0,0.0
1713664809.4309323,1003,0,0,,0.0,0.0,0.0,0.0,0.0,0.0
1713664809.4375582,1004,0,0,,0.0,0.0,0.0,0.0,0.0,0.0
1713664809.4442554,1005,0,0,,0.0,0.0,0.0,0.0,0.0,0.0
1713664809.4508932,1006,0,0,,0.0,0.0,0.0,0.0,0.0,0.0
1713664809.457574,1007,0,0,,0.0,0.0,0.0,0.0,0.0,0.0
1713664809.4643002,1008,0,0,,0.0,0.0,0.0,0.0,0.0,0.0
1713664809.4709244,1009,0,0,,0.0,0.0,0.0,0.0,0.0,0.0
1713664809.477588,1010,0,0,,0.0,0.0,0.0,0.0,0.0,0.0
1713664809.4842725,1011,0,0,,0.0,0.0,0.0,0.0,0.0,0.0
1713664809.490882,1012,0,0,,0.0,0.0,0.0,0.0,0.0,0.0
1713664809.4975598,1013,0,0,,0.0,0.0,0.0,0.0,0.0,0.0
1713664809.5043027,1014,0,0,,0.0,0.0,0.0,0.0,0.0,0.0
1713664809.5109463,1015,0,0,,0.0,0.0,0.0,0.0,0.0,0.0
1713664809.5175354,1016,0,0,,0.0,0.0,0.0,0.0,0.0,0.0
1713664809.5242786,1017,0,0,,0.0,0.0,0.0,0.0,0.0,0.0
1713664809.5309348,1018,0,0,,0.0,0.0,0.0,0.0,0.0,0.0
1713664809.5376518,1019,0,0,,0.0,0.0,0.0,0.0,0.0,0.0
1713664809.5443316,1020,0,0,,0.0,0.0,0.0,0.0,0.0,0.0
1713664809.5509403,1021,0,0,,0.0,0.0,0.0,0.0,0.0,0.0
1713664809.5575836,1022,0,0,,0.0,0.0,0.0,0.0,0.0,0.0
1713664809.5642812,1023,0,0,,0.0,0.0,0.0,0.0,0.0,0.0
1713664809.570934,1024,0,0,,0.0,0.0,0.0,0.0,0.0,0.0
1713664809.577565,1025,0,0,,0.0,0.0,0.0,0.0,0.0,0.0
1713664809.5842426,1026,0,0,,0.0,0.0,0.0,0.0,0.0,0.0
1713664809.5909166,1027,0,0,,0.0,0.0,0.0,0.0,0.0,0.0
1713664809.5975935,1028,0,0,,0.0,0.0,0.0,0.0,0.0,0.0
1713664809.60428,1029,0,0,,0.0,0.0,0.0,0.0,0.0,0.0
1713664809.610922,1030,0,0,,0.0,0.0,0.0,0.0,0.0,0.0
1713664809.617581,1031,0,0,,0.0,0.0,0.0,0.0,0.0,0.0
1713664809.6242473,1032,0,0,,0.0,0.0,0.0,0.0,0.0,0.0
1713664809.6308722,1033,0,0,,0.0,0.0,0.0,0.0,0.0,0.0
1713664809.6375856,1034,0,0,,0.0,0.0,0.0,0.0,0.0,0.0
1713664809.6442485,1035,0,0,,0.0,0.0,0.0,0.0,0.0,0.0
1713664809.6508708,1036,0,0,,0.0,0.0,0.0,0.0,0.0,0.0
1713664809.657573,1037,0,0,,0.0,0.0,0.0,0.0,0.0,0.0
1713664809.6643035,1038,0,0,,0.0,0.0,0.0,0.0,0.0,0.0
1713664809.6709223,1039,0,0,,0.0,0.0,0.0,0.0,0.0,0.0
1713664809.6775575,1040,0,0,,0.0,0.0,0.0,0.0,0.0,0.0
1713664809.684291,1041,0,0,,0.0,0.0,0.0,0.0,0.0,0.0
1713664809.6909199,1042,0,0,,0.0,0.0,0.0,0.0,0.0,0.0
1713664809.6975756,1043,0,0,,0.0,0.0,0.0,0.0,0.0,0.0
1713664809.7043374,1044,0,0,,0.0,0.0,0.0,0.0,0.0,0.0
1713664809.710909,1045,0,0,,0.0,0.0,0.0,0.0,0.0,0.0
1713664809.7175531,1046,0,0,,0.0,0.0,0.0,0.0,0.0,0.0
1713664809.7242746,1047,0,0,,0.0,0.0,0.0,0.0,0.0,0.0
1713664809.730926,1048,0,0,,0.0,0.0,0.0,0.0,0.0,0.0
1713664809.7376232,1049,0,0,,0.0,0.0,0.0,0.0,0.0,0.0
1713664809.7442734,1050,0,0,,0.0,0.0,0.0,0.0,0.0,0.0
1713664809.7509136,1051,0,0,,0.0,0.0,0.0,0.0,0.0,0.0
1713664809.7575336,1052,0,0,,0.0,0.0,0.0,0.0,0.0,0.0
1713664809.7642658,1053,0,0,,0.0,0.0,0.0,0.0,0.0,0.0
1713664809.7709243,1054,0,0,,0.0,0.0,0.0,0.0,0.0,0.0
1713664809.7776015,1055,0,0,,0.0,0.0,0.0,0.0,0.0,0.0
1713664809.7842677,1056,0,0,,0.0,0.0,0.0,0.0,0.0,0.0
1713664809.7909436,1057,0,0,,0.0,0.0,0.0,0.0,0.0,0.0
1713664809.7975712,1058,0,0,,0.0,0.0,0.0,0.0,0.0,0.0
1713664809.8042524,1059,0,0,,0.0,0.0,0.0,0.0,0.0,0.0
1713664809.8109477,1060,0,0,,0.0,0.0,0.0,0.0,0.0,0.0
1713664809.8175519,1061,0,0,,0.0,0.0,0.0,0.0,0.0,0.0
1713664809.8242595,1062,0,0,,0.0,0.0,0.0,0.0,0.0,0.0
1713664809.8309457,1063,0,0,,0.0,0.0,0.0,0.0,0.0,0.0
1713664809.8375602,1064,0,0,,0.0,0.0,0.0,0.0,0.0,0.0
1713664809.8442137,1065,0,0,,0.0,0.0,0.0,0.0,0.0,0.0
1713664809.8509185,1066,0,0,,0.0,0.0,0.0,0.0,0.0,0.0
1713664809.8575795,1067,0,0,,0.0,0.0,0.0,0.0,0.0,0.0
1713664809.8643136,1068,0,0,,0.0,0.0,0.0,0.0,0.0,0.0
1713664809.870865,1069,0,0,,0.0,0.0,0.0,0.0,0.0,0.0
1713664809.877561,1070,0,0,,0.0,0.0,0.0,0.0,0.0,0.0
1713664809.8842707,1071,0,0,,0.0,0.0,0.0,0.0,0.0,0.0
1713664809.8908978,1072,0,0,,0.0,0.0,0.0,0.0,0.0,0.0
1713664809.8976142,1073,0,0,,0.0,0.0,0.0,0.0,0.0,0.0
1713664809.9042802,1074,0,0,,0.0,0.0,0.0,0.0,0.0,0.0
1713664809.9109497,1075,0,0,,0.0,0.0,0.0,0.0,0.0,0.0
1713664809.917534,1076,0,0,,0.0,0.0,0.0,0.0,0.0,0.0
1713664809.924254,1077,0,0,,0.0,0.0,0.0,0.0,0.0,0.0
1713664809.9310756,1078,0,0,,0.0,0.0,0.0,0.0,0.0,0.0
1713664809.9376328,1079,0,0,,0.0,0.0,0.0,0.0,0.0,0.0
1713664809.944266,1080,0,0,,0.0,0.0,0.0,0.0,0.0,0.0
1713664809.9509256,1081,0,0,,0.0,0.0,0.0,0.0,0.0,0.0
1713664809.9576654,1082,0,0,,0.0,0.0,0.0,0.0,0.0,0.0
1713664809.9642906,1083,0,0,,0.0,0.0,0.0,0.0,0.0,0.0
1713664809.970891,1084,0,0,,0.0,0.0,0.0,0.0,0.0,0.0
1713664809.9775639,1085,0,0,,0.0,0.0,0.0,0.0,0.0,0.0
1713664809.9842558,1086,0,0,,0.0,0.0,0.0,0.0,0.0,0.0
1713664809.9908872,1087,0,0,,0.0,0.0,0.0,0.0,0.0,0.0
1713664809.997538,1088,0,0,,0.0,0.0,0.0,0.0,0.0,0.0
1713664810.0042405,1089,0,0,,0.0,0.0,0.0,0.0,0.0,0.0
1713664810.0109105,1090,0,0,,0.0,0.0,0.0,0.0,0.0,0.0
1713664810.01751,1091,0,0,,0.0,0.0,0.0,0.0,0.0,0.0
1713664810.0242863,1092,0,0,,0.0,0.0,0.0,0.0,0.0,0.0
1713664810.0308995,1093,0,0,,0.0,0.0,0.0,0.0,0.0,0.0
1713664810.0375755,1094,0,0,,0.0,0.0,0.0,0.0,0.0,0.0
1713664810.0442505,1095,0,0,,0.0,0.0,0.0,0.0,0.0,0.0
1713664810.0508604,1096,0,0,,0.0,0.0,0.0,0.0,0.0,0.0
1713664810.0575442,1097,0,0,,0.0,0.0,0.0,0.0,0.0,0.0
1713664810.0642653,1098,0,0,,0.0,0.0,0.0,0.0,0.0,0.0
1713664810.070856,1099,0,0,,0.0,0.0,0.0,0.0,0.0,0.0
1713664810.0775478,1100,0,0,,0.0,0.0,0.0,0.0,0.0,0.0
1713664810.0842347,1101,0,0,,0.0,0.0,0.0,0.0,0.0,0.0
1713664810.0909116,1102,0,0,,0.0,0.0,0.0,0.0,0.0,0.0
1713664810.0975943,1103,0,0,,0.0,0.0,0.0,0.0,0.0,0.0
1713664810.1042721,1104,0,0,,0.0,0.0,0.0,0.0,0.0,0.0
1713664810.1108856,1105,0,0,,0.0,0.0,0.0,0.0,0.0,0.0
1713664810.1175985,1106,0,0,,0.0,0.0,0.0,0.0,0.0,0.0
1713664810.1242855,1107,0,0,,0.0,0.0,0.0,0.0,0.0,0.0
1713664810.1309032,1108,0,0,,0.0,0.0,0.0,0.0,0.0,0.0
1713664810.1375344,1109,0,0,,0.0,0.0,0.0,0.0,0.0,0.0
1713664810.1442287,1110,0,0,,0.0,0.0,0.0,0.0,0.0,0.0
1713664810.1509094,1111,0,0,,0.0,0.0,0.0,0.0,0.0,0.0
1713664810.1575828,1112,0,0,,0.0,0.0,0.0,0.0,0.0,0.0
1713664810.1642601,1113,0,0,,0.0,0.0,0.0,0.0,0.0,0.0
1713664810.1708884,1114,0,0,,0.0,0.0,0.0,0.0,0.0,0.0
1713664810.1775658,1115,0,0,,0.0,0.0,0.0,0.0,0.0,0.0
1713664810.1843102,1116,0,0,,0.0,0.0,0.0,0.0,0.0,0.0
1713664810.1908903,1117,0,0,,0.0,0.0,0.0,0.0,0.0,0.0
1713664810.1975756,1118,0,0,,0.0,0.0,0.0,0.0,0.0,0.0
1713664810.204261,1119,0,0,,0.0,0.0,0.0,0.0,0.0,0.0
1713664810.2108836,1120,0,0,,0.0,0.0,0.0,0.0,0.0,0.0
1713664810.21759,1121,0,0,,0.0,0.0,0.0,0.0,0.0,0.0
1713664810.2242544,1122,0,0,,0.0,0.0,0.0,0.0,0.0,0.0
1713664810.230862,1123,0,0,,0.0,0.0,0.0,0.0,0.0,0.0
1713664810.2375398,1124,0,0,,0.0,0.0,0.0,0.0,0.0,0.0
1713664810.24424,1125,0,0,,0.0,0.0,0.0,0.0,0.0,0.0
1713664810.2509155,1126,0,0,,0.0,0.0,0.0,0.0,0.0,0.0
1713664810.2575593,1127,0,0,,0.0,0.0,0.0,0.0,0.0,0.0
1713664810.264251,1128,0,0,,0.0,0.0,0.0,0.0,0.0,0.0
1713664810.2708986,1129,0,0,,0.0,0.0,0.0,0.0,0.0,0.0
1713664810.2776022,1130,0,0,,0.0,0.0,0.0,0.0,0.0,0.0
1713664810.284298,1131,0,0,,0.0,0.0,0.0,0.0,0.0,0.0
1713664810.2908914,1132,0,0,,0.0,0.0,0.0,0.0,0.0,0.0
1713664810.2975807,1133,0,0,,0.0,0.0,0.0,0.0,0.0,0.0
1713664810.304268,1134,0,0,,0.0,0.0,0.0,0.0,0.0,0.0
1713664810.310885,1135,0,0,,0.0,0.0,0.0,0.0,0.0,0.0
1713664810.3175673,1136,0,0,,0.0,0.0,0.0,0.0,0.0,0.0
1713664810.324264,1137,0,0,,0.0,0.0,0.0,0.0,0.0,0.0
1713664810.3309302,1138,0,0,,0.0,0.0,0.0,0.0,0.0,0.0
1713664810.3375967,1139,0,0,,0.0,0.0,0.0,0.0,0.0,0.0
1713664810.3442895,1140,0,0,,0.0,0.0,0.0,0.0,0.0,0.0
1713664810.3508565,1141,0,0,,0.0,0.0,0.0,0.0,0.0,0.0
1713664810.3576274,1142,0,0,,0.0,0.0,0.0,0.0,0.0,0.0
1713664810.3642695,1143,0,0,,0.0,0.0,0.0,0.0,0.0,0.0
1713664810.3708842,1144,0,0,,0.0,0.0,0.0,0.0,0.0,0.0
1713664810.377558,1145,0,0,,0.0,0.0,0.0,0.0,0.0,0.0
1713664810.3842905,1146,0,0,,0.0,0.0,0.0,0.0,0.0,0.0
1713664810.3908968,1147,0,0,,0.0,0.0,0.0,0.0,0.0,0.0
1713664810.3975668,1148,0,0,,0.0,0.0,0.0,0.0,0.0,0.0
1713664810.4042711,1149,0,0,,0.0,0.0,0.0,0.0,0.0,0.0
1713664810.4109,1150,0,0,,0.0,0.0,0.0,0.0,0.0,0.0
1713664810.4175646,1151,0,0,,0.0,0.0,0.0,0.0,0.0,0.0
1713664810.4242446,1152,0,0,,0.0,0.0,0.0,0.0,0.0,0.0
1713664810.4308932,1153,0,0,,0.0,0.0,0.0,0.0,0.0,0.0
1713664810.4375517,1154,0,0,,0.0,0.0,0.0,0.0,0.0,0.0
1713664810.4442594,1155,0,0,,0.0,0.0,0.0,0.0,0.0,0.0
1713664810.450894,1156,0,0,,0.0,0.0,0.0,0.0,0.0,0.0
1713664810.457569,1157,0,0,,0.0,0.0,0.0,0.0,0.0,0.0
1713664810.4642694,1158,0,0,,0.0,0.0,0.0,0.0,0.0,0.0
1713664810.470918,1159,0,0,,0.0,0.0,0.0,0.0,0.0,0.0
1713664810.4775624,1160,0,0,,0.0,0.0,0.0,0.0,0.0,0.0
1713664810.484261,1161,0,0,,0.0,0.0,0.0,0.0,0.0,0.0
1713664810.4909062,1162,0,0,,0.0,0.0,0.0,0.0,0.0,0.0
1713664810.4975462,1163,0,0,,0.0,0.0,0.0,0.0,0.0,0.0
1713664810.5042799,1164,0,0,,0.0,0.0,0.0,0.0,0.0,0.0
1713664810.510899,1165,0,0,,0.0,0.0,0.0,0.0,0.0,0.0
1713664810.5175283,1166,0,0,,0.0,0.0,0.0,0.0,0.0,0.0
1713664810.5242643,1167,0,0,,0.0,0.0,0.0,0.0,0.0,0.0
1713664810.5308852,1168,0,0,,0.0,0.0,0.0,0.0,0.0,0.0
1713664810.5375893,1169,0,0,,0.0,0.0,0.0,0.0,0.0,0.0
1713664810.5443091,1170,0,0,,0.0,0.0,0.0,0.0,0.0,0.0
1713664810.5509288,1171,0,0,,0.0,0.0,0.0,0.0,0.0,0.0
1713664810.557565,1172,0,0,,0.0,0.0,0.0,0.0,0.0,0.0
1713664810.5642385,1173,0,0,,0.0,0.0,0.0,0.0,0.0,0.0
1713664810.5709074,1174,0,0,,0.0,0.0,0.0,0.0,0.0,0.0
1713664810.5775814,1175,0,0,,0.0,0.0,0.0,0.0,0.0,0.0
1713664810.5842772,1176,0,0,,0.0,0.0,0.0,0.0,0.0,0.0
1713664810.590934,1177,0,0,,0.0,0.0,0.0,0.0,0.0,0.0
1713664810.597543,1178,0,0,,0.0,0.0,0.0,0.0,0.0,0.0
1713664810.6042795,1179,0,0,,0.0,0.0,0.0,0.0,0.0,0.0
1713664810.6109397,1180,0,0,,0.0,0.0,0.0,0.0,0.0,0.0
1713664810.6175675,1181,0,0,,0.0,0.0,0.0,0.0,0.0,0.0
1713664810.624279,1182,0,0,,0.0,0.0,0.0,0.0,0.0,0.0
1713664810.6309183,1183,0,0,,0.0,0.0,0.0,0.0,0.0,0.0
1713664810.6375637,1184,0,0,,0.0,0.0,0.0,0.0,0.0,0.0
1713664810.6442776,1185,0,0,,0.0,0.0,0.0,0.0,0.0,0.0
1713664810.650947,1186,0,0,,0.0,0.0,0.0,0.0,0.0,0.0
1713664810.657571,1187,0,0,,0.0,0.0,0.0,0.0,0.0,0.0
1713664810.6642678,1188,0,0,,0.0,0.0,0.0,0.0,0.0,0.0
1713664810.6709268,1189,0,0,,0.0,0.0,0.0,0.0,0.0,0.0
1713664810.6775513,1190,0,0,,0.0,0.0,0.0,0.0,0.0,0.0
1713664810.684279,1191,0,0,,0.0,0.0,0.0,0.0,0.0,0.0
1713664810.6909287,1192,0,0,,0.0,0.0,0.0,0.0,0.0,0.0
1713664810.6975982,1193,0,0,,0.0,0.0,0.0,0.0,0.0,0.0
1713664810.7043555,1194,0,0,,0.0,0.0,0.0,0.0,0.0,0.0
1713664810.7109416,1195,0,0,,0.0,0.0,0.0,0.0,0.0,0.0
1713664810.717586,1196,0,0,,0.0,0.0,0.0,0.0,0.0,0.0
1713664810.7242644,1197,0,0,,0.0,0.0,0.0,0.0,0.0,0.0
1713664810.730922,1198,0,0,,0.0,0.0,0.0,0.0,0.0,0.0
1713664810.7376084,1199,0,0,,0.0,0.0,0.0,0.0,0.0,0.0
1713664810.7442622,1200,0,0,,0.0,0.0,0.0,0.0,0.0,0.0
1713664810.7508817,1201,0,0,,0.0,0.0,0.0,0.0,0.0,0.0
1713664810.7575595,1202,0,0,,0.0,0.0,0.0,0.0,0.0,0.0
1713664810.7643003,1203,0,0,,0.0,0.0,0.0,0.0,0.0,0.0
1713664810.7709482,1204,0,0,,0.0,0.0,0.0,0.0,0.0,0.0
1713664810.777523,1205,0,0,,0.0,0.0,0.0,0.0,0.0,0.0
1713664810.7842515,1206,0,0,,0.0,0.0,0.0,0.0,0.0,0.0
1713664810.7908797,1207,0,0,,0.0,0.0,0.0,0.0,0.0,0.0
1713664810.7975738,1208,0,0,,0.0,0.0,0.0,0.0,0.0,0.0
1713664810.804239,1209,0,0,,0.0,0.0,0.0,0.0,0.0,0.0
1713664810.8108695,1210,0,0,,0.0,0.0,0.0,0.0,0.0,0.0
1713664810.8175664,1211,0,0,,0.0,0.0,0.0,0.0,0.0,0.0
1713664810.8242695,1212,0,0,,0.0,0.0,0.0,0.0,0.0,0.0
1713664810.8309488,1213,0,0,,0.0,0.0,0.0,0.0,0.0,0.0
1713664810.8375773,1214,0,0,,0.0,0.0,0.0,0.0,0.0,0.0
1713664810.844238,1215,0,0,,0.0,0.0,0.0,0.0,0.0,0.0
1713664810.8509274,1216,0,0,,0.0,0.0,0.0,0.0,0.0,0.0
1713664810.8576083,1217,0,0,,0.0,0.0,0.0,0.0,0.0,0.0
1713664810.864286,1218,0,0,,0.0,0.0,0.0,0.0,0.0,0.0
1713664810.870933,1219,0,0,,0.0,0.0,0.0,0.0,0.0,0.0
1713664810.8776176,1220,0,0,,0.0,0.0,0.0,0.0,0.0,0.0
1713664810.8842602,1221,0,0,,0.0,0.0,0.0,0.0,0.0,0.0
1713664810.890949,1222,0,0,,0.0,0.0,0.0,0.0,0.0,0.0
1713664810.8976068,1223,0,0,,0.0,0.0,0.0,0.0,0.0,0.0
1713664810.904298,1224,0,0,,0.0,0.0,0.0,0.0,0.0,0.0
1713664810.9109313,1225,0,0,,0.0,0.0,0.0,0.0,0.0,0.0
1713664810.9176228,1226,0,0,,0.0,0.0,0.0,0.0,0.0,0.0
1713664810.9242892,1227,0,0,,0.0,0.0,0.0,0.0,0.0,0.0
1713664810.9309587,1228,0,0,,0.0,0.0,0.0,0.0,0.0,0.0
1713664810.9375942,1229,0,0,,0.0,0.0,0.0,0.0,0.0,0.0
1713664810.9442644,1230,0,0,,0.0,0.0,0.0,0.0,0.0,0.0
1713664810.9509451,1231,0,0,,0.0,0.0,0.0,0.0,0.0,0.0
1713664810.9576395,1232,0,0,,0.0,0.0,0.0,0.0,0.0,0.0
1713664810.964284,1233,0,0,,0.0,0.0,0.0,0.0,0.0,0.0
1713664810.970986,1234,0,0,,0.0,0.0,0.0,0.0,0.0,0.0
1713664810.9775908,1235,0,0,,0.0,0.0,0.0,0.0,0.0,0.0
1713664810.9843106,1236,0,0,,0.0,0.0,0.0,0.0,0.0,0.0
1713664810.9908936,1237,0,0,,0.0,0.0,0.0,0.0,0.0,0.0
1713664810.9976025,1238,0,0,,0.0,0.0,0.0,0.0,0.0,0.0
1713664811.004254,1239,0,0,,0.0,0.0,0.0,0.0,0.0,0.0
1713664811.0108936,1240,0,0,,0.0,0.0,0.0,0.0,0.0,0.0
1713664811.017586,1241,0,0,,0.0,0.0,0.0,0.0,0.0,0.0
1713664811.0242317,1242,0,0,,0.0,0.0,0.0,0.0,0.0,0.0
1713664811.0309355,1243,0,0,,0.0,0.0,0.0,0.0,0.0,0.0
1713664811.0375674,1244,0,0,,0.0,0.0,0.0,0.0,0.0,0.0
1713664811.0442894,1245,0,0,,0.0,0.0,0.0,0.0,0.0,0.0
1713664811.0509098,1246,0,0,,0.0,0.0,0.0,0.0,0.0,0.0
1713664811.0575387,1247,0,0,,0.0,0.0,0.0,0.0,0.0,0.0
1713664811.064229,1248,0,0,,0.0,0.0,0.0,0.0,0.0,0.0
1713664811.070922,1249,0,0,,0.0,0.0,0.0,0.0,0.0,0.0
1713664811.0776253,1250,0,0,,0.0,0.0,0.0,0.0,0.0,0.0
1713664811.0842586,1251,0,0,,0.0,0.0,0.0,0.0,0.0,0.0
1713664811.090958,1252,0,0,,0.0,0.0,0.0,0.0,0.0,0.0
1713664811.0975742,1253,0,0,,0.0,0.0,0.0,0.0,0.0,0.0
1713664811.10426,1254,0,0,,0.0,0.0,0.0,0.0,0.0,0.0
1713664811.1109703,1255,0,0,,0.0,0.0,0.0,0.0,0.0,0.0
1713664811.1175838,1256,0,0,,0.0,0.0,0.0,0.0,0.0,0.0
1713664811.124285,1257,0,0,,0.0,0.0,0.0,0.0,0.0,0.0
1713664811.1309245,1258,0,0,,0.0,0.0,0.0,0.0,0.0,0.0
1713664811.1375747,1259,0,0,,0.0,0.0,0.0,0.0,0.0,0.0
1713664811.1443074,1260,0,0,,0.0,0.0,0.0,0.0,0.0,0.0
1713664811.1509213,1261,0,0,,0.0,0.0,0.0,0.0,0.0,0.0
1713664811.1576126,1262,0,0,,0.0,0.0,0.0,0.0,0.0,0.0
1713664811.1642737,1263,0,0,,0.0,0.0,0.0,0.0,0.0,0.0
1713664811.1709282,1264,0,0,,0.0,0.0,0.0,0.0,0.0,0.0
1713664811.177596,1265,0,0,,0.0,0.0,0.0,0.0,0.0,0.0
1713664811.1842604,1266,0,0,,0.0,0.0,0.0,0.0,0.0,0.0
1713664811.1908746,1267,0,0,,0.0,0.0,0.0,0.0,0.0,0.0
1713664811.1976006,1268,0,0,,0.0,0.0,0.0,0.0,0.0,0.0
1713664811.2042456,1269,0,0,,0.0,0.0,0.0,0.0,0.0,0.0
1713664811.2108984,1270,0,0,,0.0,0.0,0.0,0.0,0.0,0.0
1713664811.217595,1271,0,0,,0.0,0.0,0.0,0.0,0.0,0.0
1713664811.224239,1272,0,0,,0.0,0.0,0.0,0.0,0.0,0.0
1713664811.2309272,1273,0,0,,0.0,0.0,0.0,0.0,0.0,0.0
1713664811.2376113,1274,0,0,,0.0,0.0,0.0,0.0,0.0,0.0
1713664811.2442803,1275,0,0,,0.0,0.0,0.0,0.0,0.0,0.0
1713664811.2509084,1276,0,0,,0.0,0.0,0.0,0.0,0.0,0.0
1713664811.2575853,1277,0,0,,0.0,0.0,0.0,0.0,0.0,0.0
1713664811.2642503,1278,0,0,,0.0,0.0,0.0,0.0,0.0,0.0
1713664811.270931,1279,0,0,,0.0,0.0,0.0,0.0,0.0,0.0
1713664811.277608,1280,0,0,,0.0,0.0,0.0,0.0,0.0,0.0
1713664811.2842531,1281,0,0,,0.0,0.0,0.0,0.0,0.0,0.0
1713664811.2909033,1282,0,0,,0.0,0.0,0.0,0.0,0.0,0.0
1713664811.2975488,1283,0,0,,0.0,0.0,0.0,0.0,0.0,0.0
1713664811.3043172,1284,0,0,,0.0,0.0,0.0,0.0,0.0,0.0
1713664811.3109121,1285,0,0,,0.0,0.0,0.0,0.0,0.0,0.0
1713664811.317625,1286,0,0,,0.0,0.0,0.0,0.0,0.0,0.0
1713664811.3242557,1287,0,0,,0.0,0.0,0.0,0.0,0.0,0.0
1713664811.330896,1288,0,0,,0.0,0.0,0.0,0.0,0.0,0.0
1713664811.3375857,1289,0,0,,0.0,0.0,0.0,0.0,0.0,0.0
1713664811.3442643,1290,0,0,,0.0,0.0,0.0,0.0,0.0,0.0
1713664811.3509257,1291,0,0,,0.0,0.0,0.0,0.0,0.0,0.0
1713664811.3575394,1292,0,0,,0.0,0.0,0.0,0.0,0.0,0.0
1713664811.3642309,1293,0,0,,0.0,0.0,0.0,0.0,0.0,0.0
1713664811.3709304,1294,0,0,,0.0,0.0,0.0,0.0,0.0,0.0
1713664811.3775275,1295,0,0,,0.0,0.0,0.0,0.0,0.0,0.0
1713664811.3842483,1296,0,0,,0.0,0.0,0.0,0.0,0.0,0.0
1713664811.390875,1297,0,0,,0.0,0.0,0.0,0.0,0.0,0.0
1713664811.3975856,1298,0,0,,0.0,0.0,0.0,0.0,0.0,0.0
1713664811.404232,1299,0,0,,0.0,0.0,0.0,0.0,0.0,0.0
1713664811.4108703,1300,0,0,,0.0,0.0,0.0,0.0,0.0,0.0
1713664811.4175453,1301,0,0,,0.0,0.0,0.0,0.0,0.0,0.0
1713664811.4242747,1302,0,0,,0.0,0.0,0.0,0.0,0.0,0.0
1713664811.4309082,1303,0,0,,0.0,0.0,0.0,0.0,0.0,0.0
1713664811.437541,1304,0,0,,0.0,0.0,0.0,0.0,0.0,0.0
1713664811.444282,1305,0,0,,0.0,0.0,0.0,0.0,0.0,0.0
1713664811.4509165,1306,0,0,,0.0,0.0,0.0,0.0,0.0,0.0
1713664811.4575531,1307,0,0,,0.0,0.0,0.0,0.0,0.0,0.0
1713664811.4643178,1308,0,0,,0.0,0.0,0.0,0.0,0.0,0.0
1713664811.4709077,1309,0,0,,0.0,0.0,0.0,0.0,0.0,0.0
1713664811.4775963,1310,0,0,,0.0,0.0,0.0,0.0,0.0,0.0
1713664811.4842768,1311,0,0,,0.0,0.0,0.0,0.0,0.0,0.0
1713664811.4909198,1312,0,0,,0.0,0.0,0.0,0.0,0.0,0.0
1713664811.49757,1313,0,0,,0.0,0.0,0.0,0.0,0.0,0.0
