Time,header.seq,header.stamp.secs,header.stamp.nsecs,header.frame_id,p.x,p.y,p.z,p_ref.x,p_ref.y,p_ref.z,p_err.x,p_err.y,p_err.z,p_err_int.x,p_err_int.y,p_err_int.z,v.x,v.y,v.z,v_ref.x,v_ref.y,v_ref.z,v_err.x,v_err.y,v_err.z,a_ff.x,a_ff.y,a_ff.z,a_fb.x,a_fb.y,a_fb.z,j_ff.x,j_ff.y,j_ff.z,j_fb.x,j_fb.y,j_fb.z,q.x,q.y,q.z,q.w,q_ref.x,q_ref.y,q_ref.z,q_ref.w,rpy.x,rpy.y,rpy.z,rpy_ref.x,rpy_ref.y,rpy_ref.z,w.x,w.y,w.z,w_ref.x,w_ref.y,w_ref.z,F_W.x,F_W.y,F_W.z,P_norm,A_norm,y_norm,f_hat.x,f_hat.y,f_hat.z,power
1713505363.137673,1,1713505363,136997699,,0.0001858577161328867,-0.00018897413974627852,-7.124184048734605e-05,0.0,0.0,0.0,0.0,0.0,0.0,0.0,0.0,0.0,0.0016262558056041598,-0.0021480212453752756,0.0005647408543154597,0.0,0.0,0.0,0.0,0.0,0.0,0.0,0.0,0.0,0.0,0.0,0.0,0.0,0.0,0.0,0.0,0.0,0.0,-0.0002533142687752843,0.00017351443239022046,0.0003369000623933971,0.9999999403953552,0.0,0.0,0.0,1.0,-0.0005065116006336531,0.00034719950350681564,0.0006737122091650415,0.0,0.0,0.0,-0.008808529935777187,-0.01670423336327076,0.004677602089941502,0.0,0.0,0.0,0.0,0.0,0.0,0.0,0.0,0.0,0.0,0.0,0.0,True
1713505363.1434557,2,1713505363,143236637,,0.00017090376059059054,-0.0001851981651270762,-5.5501113820355386e-05,0.0,0.0,0.0,0.0,0.0,0.0,0.0,0.0,0.0,0.0007810747483745217,-0.0028262229170650244,0.0003842703881673515,0.0,0.0,0.0,0.0,0.0,0.0,0.0,0.0,0.0,0.0,0.0,0.0,0.0,0.0,0.0,0.0,0.0,0.0,-0.0003137986350338906,0.00025107176043093204,0.0003377316170372069,0.9999998211860657,0.0,0.0,0.0,1.0,-0.0006274277399224328,0.0005023554528642005,0.0006753057332932557,0.0,0.0,0.0,-0.001042462419718504,0.01208566129207611,-0.011232365854084492,0.0,0.0,0.0,0.0,0.0,0.0,0.0,0.0,0.0,0.0,0.0,0.0,True
1713505363.153828,3,1713505363,153236150,,0.0001489766000304371,-0.00017793475126381963,-4.761683885590173e-05,0.0,0.0,0.0,0.0,0.0,0.0,0.0,0.0,0.0,-0.000804388546384871,-0.0011964638251811266,-0.000465741177322343,0.0,0.0,0.0,0.0,0.0,0.0,0.0,0.0,0.0,0.0,0.0,0.0,0.0,0.0,0.0,0.0,0.0,0.0,-0.00031988139380700886,0.00024918673443607986,0.00033631769474595785,0.9999998807907104,0.0,0.0,0.0,1.0,-0.0006395951976246233,0.0004985885741653493,0.0006724759968782479,0.0,0.0,0.0,0.007585289888083935,0.012247311882674694,0.0016062147915363312,0.0,0.0,0.0,0.0,0.0,0.0,0.0,0.0,0.0,0.0,0.0,0.0,True
1713505363.1634626,4,1713505363,163225650,,0.00011682605691021308,-0.00016096864419523627,-4.609343159245327e-05,0.0,0.0,0.0,0.0,0.0,0.0,0.0,0.0,0.0,-0.0012208214029669762,-0.00072428461862728,-0.0006999374600127339,0.0,0.0,0.0,0.0,0.0,0.0,0.0,0.0,0.0,0.0,0.0,0.0,0.0,0.0,0.0,0.0,0.0,0.0,-0.0002527771284803748,0.00025194170302711427,0.0002520481066312641,0.9999999403953552,0.0,0.0,0.0,1.0,-0.0005054272734500875,0.0005040107852199556,0.0005039688622303317,0.0,0.0,0.0,0.019238842651247978,-0.005238940007984638,-0.02442898415029049,0.0,0.0,0.0,0.0,0.0,0.0,0.0,0.0,0.0,0.0,0.0,0.0,True
1713505363.1751616,5,1713505363,173242807,,0.0,0.0,0.0,0.0,0.0,0.0,0.0,0.0,0.0,0.0,0.0,0.0,0.0,0.0,0.0,0.0,0.0,0.0,0.0,0.0,0.0,0.0,0.0,0.0,0.0,0.0,0.0,0.0,0.0,0.0,0.0,0.0,0.0,0.0,0.0,0.0,1.0,0.0,0.0,0.0,1.0,0.0,0.0,0.0,0.0,0.0,0.0,0.0,0.0,0.0,0.0,0.0,0.0,0.0,0.0,0.0,0.0,0.0,0.0,0.0,0.0,0.0,True
1713505363.3128104,6,1713505363,183227062,,-2.0030051018693484e-05,4.846159299631836e-06,-2.0168419723631814e-05,0.0,0.0,0.20000469891119807,2.0030051018693484e-05,-4.846159299631836e-06,0.2000248673309217,0.0,0.0,0.0,-0.00036270302371121943,0.0007904021767899394,-0.0001258436095668003,0.0,0.0,0.0,0.00036270302371121943,-0.0007904021767899394,0.0001258436095668003,0.0,0.0,0.0,0.0,0.0,0.0,0.0,0.0,0.0,0.0,0.0,0.0,-0.00018398872634861618,0.0003031001251656562,0.00017005282279569656,0.9999999403953552,0.018176395901773296,0.08896310736856304,0.0,0.9958690597459847,-0.00036787440757091633,0.0006062628054626108,0.00033999414829501335,0.03679298578569537,0.17813176635577305,0.0032860602974955034,6.940969115021289e-07,-7.032049779809313e-06,-6.0704142015310936e-06,0.0,0.0,0.0,28078964.0,-5736922.0,155853968.0,7.333215713500977,217143536.0,0.9155457019805908,-28078964.0,5736922.0,-155853952.0,True
1713505363.3148825,7,1713505363,312674045,,-1.534463262942154e-05,2.0469247829169035e-05,3.821834616246633e-05,0.0,0.0,0.20400469891119807,1.534463262942154e-05,-2.0469247829169035e-05,0.2039664805650356,0.0,0.0,0.0,0.00020450132433325052,0.0013848640955984592,0.02402215451002121,0.0,0.0,0.0,-0.00020450132433325052,-0.0013848640955984592,-0.02402215451002121,0.0,0.0,0.0,0.0,0.0,0.0,0.0,0.0,0.0,0.0,0.0,0.0,-0.0001901916111819446,0.000311992916977033,0.00011726243974408135,0.9999999403953552,0.018176395913871074,0.08896309994628863,0.0,0.9958690604088115,-0.0003803101021377233,0.0006240304244210177,0.00023440622984948696,0.03679298573594207,0.17813175145469237,0.0032860600167067483,-0.006887924857437611,0.0076282089576125145,-0.0011789902346208692,0.0,0.0,0.0,28114720.0,-5744227.5,156052432.0,7.333215713500977,217143536.0,0.9168248176574707,-28114720.0,5744227.5,-156052416.0,True
1713505363.3252544,8,1713505363,322770833,,-7.952956366352737e-06,2.8526092137326486e-05,0.0008189814980141819,0.0,0.0,0.20800469891119808,7.952956366352737e-06,-2.8526092137326486e-05,0.2071857174131839,0.0,0.0,0.0,0.0011767917312681675,0.0009707005228847265,0.1399339884519577,0.0,0.0,0.0,-0.0011767917312681675,-0.0009707005228847265,-0.1399339884519577,0.0,0.0,0.0,0.0,0.0,0.0,0.0,0.0,0.0,0.0,0.0,0.0,-0.00023870606673881412,0.00031040702015161514,-0.0001005379599519074,0.9999999403953552,0.01817639965337827,0.08896309994023972,0.0,0.995869060341099,-0.00047747460941938424,0.0006207660176690827,-0.00020122413122487866,0.036792993306271934,0.17813175143020932,0.0032860606925263626,-0.017612023279070854,0.002898985054343939,-0.060008492320775986,0.0,0.0,0.0,28407448.0,-5804037.0,157677248.0,7.333215713500977,217143536.0,0.9330149292945862,-28407448.0,5804037.0,-157677232.0,True
1713505363.3349068,9,1713505363,332767724,,-4.316051217756467e-06,3.2391548302257434e-05,0.0030519142746925354,0.0,0.0,0.21000469891119808,4.316051217756467e-06,-3.2391548302257434e-05,0.20695278463650554,0.0,0.0,0.0,-0.0006756240036338568,0.0003128180396743119,0.30301016569137573,0.0,0.0,0.0,0.0006756240036338568,-0.0003128180396743119,-0.30301016569137573,0.0,0.0,0.0,0.0,0.0,0.0,0.0,0.0,0.0,0.0,0.0,0.0,-0.00030237031751312315,0.0003880715521518141,-0.000606390240136534,0.9999996423721313,0.01817639779572245,0.08896309252098974,0.0,0.9958690610377819,-0.0006052113472819152,0.0007757762775876597,-0.0012130155196690587,0.0367929894713537,0.17813173654137007,0.0032860600738277724,-0.017685487866401672,0.014304551295936108,-0.13235244154930115,0.0,0.0,0.0,28923140.0,-5909400.0,160539632.0,7.333215713500977,217143536.0,0.9577550292015076,-28923140.0,5909400.0,-160539616.0,True
1713505363.34485,10,1713505363,342764139,,-1.0498192750674207e-05,3.105809082626365e-05,0.007099911570549011,0.0,0.0,0.21400469891119808,1.0498192750674207e-05,-3.105809082626365e-05,0.20690478734064907,0.0,0.0,0.0,-0.0009387578465975821,0.0007841165643185377,0.4869460463523865,0.0,0.0,0.0,0.0009387578465975821,-0.0007841165643185377,-0.4869460463523865,0.0,0.0,0.0,0.0,0.0,0.0,0.0,0.0,0.0,0.0,0.0,0.0,-0.0004767433856613934,0.0004328104841988534,-0.00141213892493397,0.9999988675117493,0.018176395925968848,0.08896309252401419,0.0,0.9958690610716381,-0.0009547084329149348,0.0008642735156486341,-0.0028246917356610952,0.03679298568618878,0.1781317365536116,0.0032860597359179954,-0.03768206015229225,-0.0026558616664260626,-0.18149395287036896,0.0,0.0,0.0,29412816.0,-6009447.0,163257600.0,7.333215713500977,217143536.0,0.9862712621688843,-29412816.0,6009447.0,-163257584.0,True
1713505363.3554173,11,1713505363,352774858,,-1.6704745576134883e-05,2.8806880436604843e-05,0.01293978001922369,0.0,0.0,0.21600469891119808,1.6704745576134883e-05,-2.8806880436604843e-05,0.2030649188919744,0.0,0.0,0.0,-0.000468406273284927,-0.0005549570778384805,0.6744278073310852,0.0,0.0,0.0,0.000468406273284927,0.0005549570778384805,-0.6744278073310852,0.0,0.0,0.0,0.0,0.0,0.0,0.0,0.0,0.0,0.0,0.0,0.0,-0.0008019955130293965,0.00045030409819446504,-0.002510444261133671,0.9999964833259583,0.018176399641280497,0.08896310736251416,0.0,0.9958690596782724,-0.0016062474636482835,0.0008965783162213183,-0.005021615694846517,0.03679299335602523,0.17813176633128996,0.003286060973315175,-0.06126823648810387,0.0012464785249903798,-0.24330806732177734,0.0,0.0,0.0,29826952.0,-6094061.0,165556272.0,7.333215713500977,217143536.0,1.0140907764434814,-29826952.0,6094061.0,-165556256.0,True
1713505363.3647966,12,1713505363,362768411,,-1.54650115291588e-05,2.7321673769620247e-05,0.020987989380955696,0.0,0.0,0.2200046989111981,1.54650115291588e-05,-2.7321673769620247e-05,0.1990167095302424,0.0,0.0,0.0,-0.00013456107990350574,0.000760118942707777,0.8679378628730774,0.0,0.0,0.0,0.00013456107990350574,-0.000760118942707777,-0.8679378628730774,0.0,0.0,0.0,0.0,0.0,0.0,0.0,0.0,0.0,0.0,0.0,0.0,-0.0011222470784559846,0.00043992861174046993,-0.004063826985657215,0.9999910593032837,0.01817639965337827,0.08896309994023972,0.0,0.995869060341099,-0.00224805222868557,0.000870728155857565,-0.00812866061786163,0.036792993306271934,0.17813175143020932,0.0032860606925263626,-0.07739757001399994,0.006566184107214212,-0.3479193449020386,0.0,0.0,0.0,30216116.0,-6173573.0,167716368.0,7.333215713500977,217143536.0,1.0472780466079712,-30216116.0,6173573.0,-167716352.0,True
1713505363.3748577,13,1713505363,372732400,,-1.353097195533337e-05,3.927332363673486e-05,0.03073541633784771,0.0,0.0,0.2220046989111981,1.353097195533337e-05,-3.927332363673486e-05,0.19126928257335038,0.0,0.0,0.0,-1.7407883206033148e-06,0.0019510583952069283,1.0618692636489868,0.0,0.0,0.0,1.7407883206033148e-06,-0.0019510583952069283,-1.0618692636489868,0.0,0.0,0.0,0.0,0.0,0.0,0.0,0.0,0.0,0.0,0.0,0.0,-0.0015462988521903753,0.00043320521945133805,-0.006120053119957447,0.9999800324440002,0.018176399641280497,0.08896310736251416,0.0,0.9958690596782724,-0.0030978441910964913,0.0008474662940795675,-0.012241510486547185,0.03679299335602523,0.17813176633128996,0.003286060973315175,-0.09413561224937439,0.003010307904332876,-0.4345369040966034,0.0,0.0,0.0,30617976.0,-6255678.5,169946896.0,7.333215713500977,217143536.0,1.0819796323776245,-30617976.0,6255678.5,-169946880.0,True
1713505363.3850057,14,1713505363,382741212,,-7.44145563658094e-06,5.852318281540647e-05,0.04245194420218468,0.0,0.0,0.2260046989111981,7.44145563658094e-06,-5.852318281540647e-05,0.18355275470901342,0.0,0.0,0.0,0.0009368081809952855,0.0019498186884447932,1.2568204402923584,0.0,0.0,0.0,-0.0009368081809952855,-0.0019498186884447932,-1.2568204402923584,0.0,0.0,0.0,0.0,0.0,0.0,0.0,0.0,0.0,0.0,0.0,0.0,-0.001999471802264452,0.00044088406139053404,-0.0084553062915802,0.9999621510505676,0.01817639965337827,0.08896309994023972,0.0,0.995869060341099,-0.004006260073337126,0.0008479225675417871,-0.016912548137047023,0.036792993306271934,0.17813175143020932,0.0032860606925263626,-0.11425022780895233,0.01721012219786644,-0.4917728900909424,0.0,0.0,0.0,31026260.0,-6339096.0,172213104.0,7.333215713500977,217143536.0,1.1138057708740234,-31026260.0,6339096.0,-172213088.0,True
1713505363.394819,15,1713505363,392769098,,-3.671863453291735e-07,8.259343303507194e-05,0.056124016642570496,0.0,0.0,0.2280046989111981,3.671863453291735e-07,-8.259343303507194e-05,0.1718806822686276,0.0,0.0,0.0,0.0008472793269902468,0.0033917794935405254,1.451720952987671,0.0,0.0,0.0,-0.0008472793269902468,-0.0033917794935405254,-1.451720952987671,0.0,0.0,0.0,0.0,0.0,0.0,0.0,0.0,0.0,0.0,0.0,0.0,-0.002504397416487336,0.0004405787622090429,-0.011100579053163528,0.9999352097511292,0.018176397771526895,0.0889631073655386,0.0,0.9958690597121286,-0.00501827387766603,0.0008254999117442028,-0.022203755908342594,0.0367929895708603,0.17813176634353153,0.0032860606354053394,-0.0903233215212822,0.0037908069789409637,-0.5509197115898132,0.0,0.0,0.0,31773180.0,-6491702.0,176358928.0,7.333215713500977,217143536.0,1.1570087671279907,-31773180.0,6491702.0,-176358912.0,True
1713505363.4047344,16,1713505363,402761697,,1.1811144759121817e-05,0.00012105403584428132,0.07176044583320618,0.0,0.0,0.2320046989111981,-1.1811144759121817e-05,-0.00012105403584428132,0.16024425307799192,0.0,0.0,0.0,0.0019439562456682324,0.004461116157472134,1.645401954650879,0.0,0.0,0.0,-0.0019439562456682324,-0.004461116157472134,-1.645401954650879,0.0,0.0,0.0,0.0,0.0,0.0,0.0,0.0,0.0,0.0,0.0,0.0,-0.0031282040290534496,0.0005315040471032262,-0.014095489867031574,0.9998956918716431,0.018176401498936314,0.08896311478176411,0.0,0.9958690589815893,-0.006270782246665631,0.0009747100898410065,-0.02819510931380953,0.0367929971909435,0.17813178122012915,0.003286061592013855,-0.13173826038837433,0.025664230808615685,-0.6298991441726685,0.0,0.0,0.0,31911892.0,-6520043.0,177128848.0,7.333215713500977,217143536.0,1.1858500242233276,-31911892.0,6520043.0,-177128832.0,True
1713505363.4149866,17,1713505363,412756681,,2.843235961336177e-05,0.00017220414883922786,0.08932231366634369,0.0,0.0,0.2340046989111981,-2.843235961336177e-05,-0.00017220414883922786,0.1446823852448544,0.0,0.0,0.0,0.0019680100958794355,0.005426737014204264,1.8391889333724976,0.0,0.0,0.0,-0.0019680100958794355,-0.005426737014204264,-1.8391889333724976,0.0,0.0,0.0,0.0,0.0,0.0,0.0,0.0,0.0,0.0,0.0,0.0,-0.0037897408474236727,0.0006432565860450268,-0.017521992325782776,0.999839186668396,0.018176396467667676,0.08896309517532101,0.0,0.9958690608249042,-0.00760088184701497,0.0011534986940198993,-0.03505041744950228,0.03679298680934383,0.1781317418746173,0.003286059934931169,-0.12524205446243286,0.02518938109278679,-0.7154597043991089,0.0,0.0,0.0,32395926.0,-6618938.0,179815536.0,7.333215713500977,217143536.0,1.2258325815200806,-32395926.0,6618938.0,-179815520.0,True
1713505363.4250765,18,1713505363,422781229,,4.840306064579636e-05,0.00024459074484184384,0.1088605746626854,0.0,0.0,0.2380046989111981,-4.840306064579636e-05,-0.00024459074484184384,0.1291441242485127,0.0,0.0,0.0,0.0030551953241229057,0.008184472098946571,2.033876419067383,0.0,0.0,0.0,-0.0030551953241229057,-0.008184472098946571,-2.033876419067383,0.0,0.0,0.0,0.0,0.0,0.0,0.0,0.0,0.0,0.0,0.0,0.0,-0.0045159319415688515,0.000769060745369643,-0.021297745406627655,0.9997627139091492,0.018176397807820228,0.0889630850987153,0.0,0.9958690617006086,-0.009062610949732623,0.001345398499257007,-0.042605253798941166,0.036792989421600406,0.17813172164028934,0.003286059793038991,-0.15580986440181732,0.018085910007357597,-0.7907314896583557,0.0,0.0,0.0,32614852.0,-6663668.5,181030704.0,7.333215713500977,217143536.0,1.259630560874939,-32614852.0,6663668.5,-181030688.0,True
1713505363.4347472,19,1713505363,432764053,,7.037243631202728e-05,0.00034637333010323346,0.1303279995918274,0.0,0.0,0.2400046989111981,-7.037243631202728e-05,-0.00034637333010323346,0.10967669931937071,0.0,0.0,0.0,0.002890664851292968,0.010862593539059162,2.2288448810577393,0.0,0.0,0.0,-0.002890664851292968,-0.010862593539059162,-2.2288448810577393,0.0,0.0,0.0,0.0,0.0,0.0,0.0,0.0,0.0,0.0,0.0,0.0,-0.005436084233224392,0.0007895285962149501,-0.025476746261119843,0.9996603727340698,0.018176400981432916,0.0889630972859084,0.0,0.9958690605539768,-0.010908929739936882,0.0013015336618194496,-0.05096687186053431,0.03679299596828155,0.17813174609696203,0.003286060831422936,-0.2009313404560089,-0.00746231060475111,-0.8719938397407532,0.0,0.0,0.0,32704118.0,-6681906.5,181526160.0,7.333215713500977,217143536.0,1.292802095413208,-32704118.0,6681906.5,-181526144.0,True
1713505363.4451923,20,1713505363,442755699,,9.361667616758496e-05,0.00048032993800006807,0.15376822650432587,0.0,0.0,0.2440046989111981,-9.361667616758496e-05,-0.00048032993800006807,0.09023647240687224,0.0,0.0,0.0,0.004269086755812168,0.01421551126986742,2.423858165740967,0.0,0.0,0.0,-0.004269086755812168,-0.01421551126986742,-2.423858165740967,0.0,0.0,0.0,0.0,0.0,0.0,0.0,0.0,0.0,0.0,0.0,0.0,-0.006474662572145462,0.0008004082483239472,-0.03009437397122383,0.9995258450508118,0.018176399629182712,0.08896311478478855,0.0,0.9958690590154454,-0.012991733784414579,0.0012103557441885417,-0.06020697630625026,0.03679299340577855,0.17813178123237064,0.003286061254103989,-0.2181583046913147,-0.006530357524752617,-0.9529933333396912,0.0,0.0,0.0,32973156.0,-6736874.0,183019456.0,7.333215713500977,217143536.0,1.3278472423553467,-32973156.0,6736874.0,-183019440.0,True
1713505363.454769,21,1713505363,452763795,,0.00012906455958727747,0.0006560824112966657,0.1791239231824875,0.0,0.0,0.2460046989111981,-0.00012906455958727747,-0.0006560824112966657,0.06688077572871062,0.0,0.0,0.0,0.005748759023845196,0.01888830028474331,2.617263078689575,0.0,0.0,0.0,-0.005748759023845196,-0.01888830028474331,-2.617263078689575,0.0,0.0,0.0,0.0,0.0,0.0,0.0,0.0,0.0,0.0,0.0,0.0,-0.007559045217931271,0.0008017628570087254,-0.0349971279501915,0.9993584752082825,0.018176403368689913,0.08896311477873967,0.0,0.9958690589477331,-0.015165101474892239,0.0010734075345681375,-0.07001871678354486,0.03679300097610845,0.17813178120788767,0.00328606192992372,-0.2075732797384262,0.006502469535917044,-1.0188709497451782,0.0,0.0,0.0,33457256.0,-6835783.0,185706480.0,7.333215713500977,217143536.0,1.3647829294204712,-33457256.0,6835783.0,-185706464.0,True
1713505363.464844,22,1713505363,462770462,,0.00017356008174829185,0.0008906289585866034,0.20640340447425842,0.0,0.0,0.2500046989111981,-0.00017356008174829185,-0.0008906289585866034,0.043601294436939664,0.0,0.0,0.0,0.007640307303518057,0.025816280394792557,2.8098158836364746,0.0,0.0,0.0,-0.007640307303518057,-0.025816280394792557,-2.8098158836364746,0.0,0.0,0.0,0.0,0.0,0.0,0.0,0.0,0.0,0.0,0.0,0.0,-0.008725177496671677,0.0008212088723666966,-0.04033331200480461,0.999147891998291,0.018176398325323553,0.08896310259457123,0.0,0.9958690601282213,-0.017502629295780902,0.0009371876684393633,-0.08069980978080259,0.036792990644262176,0.17813175676345694,0.003286060553629768,-0.2517158091068268,-0.007735330145806074,-1.1016111373901367,0.0,0.0,0.0,33504108.0,-6845355.0,185966544.0,7.333215713500977,217143536.0,1.3954720497131348,-33504108.0,6845355.0,-185966528.0,True
1713505363.474849,23,1713505363,472767114,,0.00022745189198758453,0.0011892588809132576,0.23561805486679077,0.0,0.0,0.2520046989111981,-0.00022745189198758453,-0.0011892588809132576,0.016386644044407317,0.0,0.0,0.0,0.008579016663134098,0.031453728675842285,3.0029964447021484,0.0,0.0,0.0,-0.008579016663134098,-0.031453728675842285,-3.0029964447021484,0.0,0.0,0.0,0.0,0.0,0.0,0.0,0.0,0.0,0.0,0.0,0.0,-0.009923554956912994,0.0008188185165636241,-0.04598703607916832,0.9988924860954285,0.01817640073677618,0.088963105242854,0.0,0.9958690598476313,-0.01990175493638582,0.0007231135195643114,-0.09201827439790329,0.03679299555258257,0.1781317620722219,0.0032860610905528463,-0.24826812744140625,0.004758832510560751,-1.1650875806808472,0.0,0.0,0.0,33904764.0,-6927215.0,188190416.0,7.333215713500977,217143536.0,1.4297471046447754,-33904764.0,6927215.0,-188190400.0,True
1713505363.4852815,24,1713505363,482763051,,0.0002836356870830059,0.00154556380584836,0.2667970359325409,0.0,0.0,0.2560046989111981,-0.0002836356870830059,-0.00154556380584836,-0.010792337021342802,0.0,0.0,0.0,0.009792928583920002,0.03867059946060181,3.196106195449829,0.0,0.0,0.0,-0.009792928583920002,-0.03867059946060181,-3.196106195449829,0.0,0.0,0.0,0.0,0.0,0.0,0.0,0.0,0.0,0.0,0.0,0.0,-0.011231491342186928,0.0008573294617235661,-0.05208468437194824,0.998579204082489,0.01817640020717499,0.08896309516927214,0.0,0.995869060757192,-0.02252227942358925,0.0005422453399829102,-0.10422924338144224,0.03679299437967391,0.17813174185013428,0.0032860606107507663,-0.27844125032424927,0.009115570224821568,-1.2488744258880615,0.0,0.0,0.0,34003368.0,-6947362.0,188737728.0,7.333215713500977,217143536.0,1.4596434831619263,-34003368.0,6947362.0,-188737712.0,True
1713505363.4948504,25,1713505363,492772579,,0.0003446405753493309,0.0019683390855789185,0.29985082149505615,0.0,0.0,0.2580046989111981,-0.0003446405753493309,-0.0019683390855789185,-0.04184612258385806,0.0,0.0,0.0,0.010565300472080708,0.045515380799770355,3.3889782428741455,0.0,0.0,0.0,-0.010565300472080708,-0.045515380799770355,-3.3889782428741455,0.0,0.0,0.0,0.0,0.0,0.0,0.0,0.0,0.0,0.0,0.0,0.0,-0.012605479918420315,0.0009034302202053368,-0.058515194803476334,0.9982064962387085,0.018176403368689913,0.08896311477873967,0.0,0.9958690589477331,-0.025274165966019165,0.00032839562522017944,-0.11711079451789777,0.03679300097610845,0.17813178120788767,0.00328606192992372,-0.27920597791671753,0.01586739905178547,-1.3278888463974,0.0,0.0,0.0,34305060.0,-7009002.0,190412272.0,7.333215713500977,217143536.0,1.4926975965499878,-34305060.0,7009002.0,-190412256.0,True
1713505363.5048485,26,1713505363,502767801,,0.0004004364600405097,0.0024667680263519287,0.3349015712738037,0.0,0.0,0.2620046989111981,-0.0004004364600405097,-0.0024667680263519287,-0.07289687236260561,0.0,0.0,0.0,0.009911490604281425,0.05358852073550224,3.5801193714141846,0.0,0.0,0.0,-0.009911490604281425,-0.05358852073550224,-3.5801193714141846,0.0,0.0,0.0,0.0,0.0,0.0,0.0,0.0,0.0,0.0,0.0,0.0,-0.014026631601154804,0.0009693779284134507,-0.06531532853841782,0.9977656602859497,0.018176401511034095,0.0889631073594897,0.0,0.9958690596444161,-0.028120916868304993,0.00010211590586379255,-0.13073808765199807,0.03679299714119018,0.17813176631904848,0.0032860613112250118,-0.2729223072528839,0.012121091596782207,-1.4056942462921143,0.0,0.0,0.0,34648792.0,-7079231.0,192320176.0,7.333215713500977,217143536.0,1.526330590248108,-34648792.0,7079231.0,-192320160.0,True
1713505363.5150666,27,1713505363,512772560,,0.00045000622048974037,0.0030414420180022717,0.3717607259750366,0.0,0.0,0.2640046989111981,-0.00045000622048974037,-0.0030414420180022717,-0.10775602706383852,0.0,0.0,0.0,0.010558691807091236,0.06227213889360428,3.7722551822662354,0.0,0.0,0.0,-0.010558691807091236,-0.06227213889360428,-3.7722551822662354,0.0,0.0,0.0,0.0,0.0,0.0,0.0,0.0,0.0,0.0,0.0,0.0,-0.015514104627072811,0.0009386397432535887,-0.072475366294384,0.9972491264343262,0.018176401498936314,0.08896311478176411,0.0,0.9958690589815893,-0.03108391655852256,-0.0003766654866874238,-0.14508962770649123,0.0367929971909435,0.17813178122012915,0.003286061592013855,-0.3107820153236389,-0.012905189767479897,-1.455667495727539,0.0,0.0,0.0,34772584.0,-7104522.0,193007264.0,7.333215713500977,217143536.0,1.553587555885315,-34772584.0,7104522.0,-193007248.0,True
1713505363.5249283,28,1713505363,522762298,,0.0005017559742555022,0.0036947387270629406,0.41055426001548767,0.0,0.0,0.2680046989111981,-0.0005017559742555022,-0.0036947387270629406,-0.14254956110428957,0.0,0.0,0.0,0.010413662530481815,0.0701868087053299,3.9638540744781494,0.0,0.0,0.0,-0.010413662530481815,-0.0701868087053299,-3.9638540744781494,0.0,0.0,0.0,0.0,0.0,0.0,0.0,0.0,0.0,0.0,0.0,0.0,-0.01708064042031765,0.0009820705745369196,-0.07996491342782974,0.9966508746147156,0.01817640392248674,0.08896311000777254,0.0,0.9958690593638261,-0.03421061356319033,-0.000774140897151773,-0.16011099999177075,0.03679300204951064,0.17813177162781357,0.003286061848148139,-0.3229084312915802,0.02477915957570076,-1.5375292301177979,0.0,0.0,0.0,34900592.0,-7130677.0,193717808.0,7.333215713500977,217143536.0,1.5796480178833008,-34900592.0,7130677.0,-193717792.0,True
1713505363.5348206,29,1713505363,532758474,,0.0005541983991861343,0.004434437025338411,0.4512370526790619,0.0,0.0,0.2700046989111981,-0.0005541983991861343,-0.004434437025338411,-0.18123235376786379,0.0,0.0,0.0,0.011650722473859787,0.07979704439640045,4.154763221740723,0.0,0.0,0.0,-0.011650722473859787,-0.07979704439640045,-4.154763221740723,0.0,0.0,0.0,0.0,0.0,0.0,0.0,0.0,0.0,0.0,0.0,0.0,-0.018742410466074944,0.0011401660740375519,-0.08792373538017273,0.9959502816200256,0.018176403368689913,0.08896311477873967,0.0,0.9958690589477331,-0.03754234656158521,-0.0010247080829670304,-0.17608671033592718,0.03679300097610845,0.17813178120788767,0.00328606192992372,-0.3233058750629425,0.027480078861117363,-1.6191883087158203,0.0,0.0,0.0,35141912.0,-7179981.5,195057264.0,7.333215713500977,217143536.0,1.6092021465301514,-35141912.0,7179981.5,-195057248.0,True
1713505363.5451734,30,1713505363,542761325,,0.0006264747935347259,0.005284056067466736,0.49391478300094604,0.0,0.0,0.2740046989111981,-0.0006264747935347259,-0.005284056067466736,-0.21991008408974794,0.0,0.0,0.0,0.013065792620182037,0.0917913019657135,4.344937801361084,0.0,0.0,0.0,-0.013065792620182037,-0.0917913019657135,-4.344937801361084,0.0,0.0,0.0,0.0,0.0,0.0,0.0,0.0,0.0,0.0,0.0,0.0,-0.020406492054462433,0.0012721855891868472,-0.09620136767625809,0.995151937007904,0.018176401535229657,0.08896309251494086,0.0,0.9958690609700697,-0.04087130486873674,-0.0013942292620740839,-0.19271265832525292,0.03679299704168357,0.1781317365168871,0.00328606074964733,-0.32538217306137085,0.028582116588950157,-1.6991136074066162,0.0,0.0,0.0,35369768.0,-7226537.0,196322016.0,7.333215713500977,217143536.0,1.6376274824142456,-35369768.0,7226537.0,-196322000.0,True
1713505363.5546758,31,1713505363,552766323,,0.0007091716397553682,0.006252884864807129,0.5383507013320923,0.0,0.0,0.2760046989111981,-0.0007091716397553682,-0.006252884864807129,-0.2623460024208942,0.0,0.0,0.0,0.014753413386642933,0.10378099232912064,4.534779071807861,0.0,0.0,0.0,-0.014753413386642933,-0.10378099232912064,-4.534779071807861,0.0,0.0,0.0,0.0,0.0,0.0,0.0,0.0,0.0,0.0,0.0,0.0,-0.022114679217338562,0.001385158277116716,-0.1048259437084198,0.9942437410354614,0.01817639834951911,0.08896308775002192,0.0,0.9958690614538748,-0.04427970740978215,-0.001882015316869104,-0.21004784716519448,0.03679299054475557,0.17813172696129465,0.0032860599920521696,-0.3557952344417572,0.01475291047245264,-1.7590912580490112,0.0,0.0,0.0,35464444.0,-7245880.0,196847536.0,7.333215713500977,217143536.0,1.6618099212646484,-35464444.0,7245880.0,-196847520.0,True
1713505363.5646794,32,1713505363,562766551,,0.0008073992794379592,0.007342512719333172,0.584785521030426,0.0,0.0,0.2800046989111981,-0.0008073992794379592,-0.007342512719333172,-0.3047808221192279,0.0,0.0,0.0,0.016504919156432152,0.11663880944252014,4.72373628616333,0.0,0.0,0.0,-0.016504919156432152,-0.11663880944252014,-4.72373628616333,0.0,0.0,0.0,0.0,0.0,0.0,0.0,0.0,0.0,0.0,0.0,0.0,-0.023970739915966988,0.0015145036159083247,-0.11385461688041687,0.9932070970535278,0.018176401511034095,0.0889631073594897,0.0,0.9958690596444161,-0.04797922949961137,-0.002449929541380639,-0.22821143128624277,0.03679299714119018,0.17813176631904848,0.0032860613112250118,-0.384019136428833,0.04450282081961632,-1.846297264099121,0.0,0.0,0.0,35432588.0,-7239371.5,196670688.0,7.333215713500977,217143536.0,1.6829352378845215,-35432588.0,7239371.5,-196670688.0,True
1713505363.5750318,33,1713505363,572764396,,0.0009256966877728701,0.00857570581138134,0.6330245733261108,0.0,0.0,0.2820046989111981,-0.0009256966877728701,-0.00857570581138134,-0.3510198744149127,0.0,0.0,0.0,0.018394961953163147,0.13139131665229797,4.912748336791992,0.0,0.0,0.0,-0.018394961953163147,-0.13139131665229797,-4.912748336791992,0.0,0.0,0.0,0.0,0.0,0.0,0.0,0.0,0.0,0.0,0.0,0.0,-0.02586161345243454,0.0017255531856790185,-0.12329971045255661,0.992030918598175,0.018176402052733086,0.08896311001079699,0.0,0.9958690593976822,-0.05175989680562645,-0.0029538590831911277,-0.24723562286003573,0.03679299826434559,0.17813177164005506,0.003286061510238282,-0.3837890625,0.03862641379237175,-1.917371392250061,0.0,0.0,0.0,35675244.0,-7288949.0,198017552.0,7.333215713500977,217143536.0,1.7092499732971191,-35675244.0,7288949.0,-198017552.0,True
1713505363.5850058,34,1713505363,582787752,,0.001068637240678072,0.009953849948942661,0.6832370758056641,0.0,0.0,0.2860046989111981,-0.001068637240678072,-0.009953849948942661,-0.39723237689446594,0.0,0.0,0.0,0.021163322031497955,0.14590977132320404,5.10149621963501,0.0,0.0,0.0,-0.021163322031497955,-0.14590977132320404,-5.10149621963501,0.0,0.0,0.0,0.0,0.0,0.0,0.0,0.0,0.0,0.0,0.0,0.0,-0.02774290181696415,0.0019523550290614367,-0.13304968178272247,0.9907191395759583,0.01817640019507721,0.08896310259154679,0.0,0.9958690600943652,-0.05551922198846387,-0.003513904366930191,-0.26689708609976065,0.03679299442942721,0.17813175675121543,0.003286060891539595,-0.3940335512161255,0.04246858134865761,-1.9957116842269897,0.0,0.0,0.0,35802696.0,-7314989.5,198724992.0,7.333215713500977,217143536.0,1.7327446937561035,-35802696.0,7314989.5,-198724992.0,True
1713505363.5947626,35,1713505363,592762708,,0.001240427140146494,0.011474594473838806,0.7352396845817566,0.0,0.0,0.2880046989111981,-0.001240427140146494,-0.011474594473838806,-0.44723498567055847,0.0,0.0,0.0,0.023959705606102943,0.16098767518997192,5.289280891418457,0.0,0.0,0.0,-0.023959705606102943,-0.16098767518997192,-5.289280891418457,0.0,0.0,0.0,0.0,0.0,0.0,0.0,0.0,0.0,0.0,0.0,0.0,-0.029795441776514053,0.0022169328294694424,-0.14312170445919037,0.9892539978027344,0.01817640469674444,0.08896311212440788,0.0,0.9958690591606107,-0.05962093049519479,-0.004142541436421453,-0.2872354084207679,0.03679300363811783,0.1781317758746395,0.0032860620688202756,-0.4359075725078583,0.07153990864753723,-2.078930616378784,0.0,0.0,0.0,35660556.0,-7285949.0,197936032.0,7.333215713500977,217143536.0,1.7497743368148804,-35660556.0,7285949.0,-197936032.0,True
1713505363.6048148,36,1713505363,602765798,,0.0014463536208495498,0.01316957175731659,0.7891631126403809,0.0,0.0,0.2920046989111981,-0.0014463536208495498,-0.01316957175731659,-0.49715841372918274,0.0,0.0,0.0,0.028193721547722816,0.17919442057609558,5.4764885902404785,0.0,0.0,0.0,-0.028193721547722816,-0.17919442057609558,-5.4764885902404785,0.0,0.0,0.0,0.0,0.0,0.0,0.0,0.0,0.0,0.0,0.0,0.0,-0.032002586871385574,0.0024515227414667606,-0.1535569578409195,0.9876183271408081,0.018176401511034095,0.0889631073594897,0.0,0.9958690596444161,-0.06401008488437471,-0.004986123472183406,-0.308334447094071,0.03679299714119018,0.17813176631904848,0.0032860613112250118,-0.4733213186264038,0.043063219636678696,-2.139470100402832,0.0,0.0,0.0,35697096.0,-7293414.0,198138848.0,7.333215713500977,217143536.0,1.7700966596603394,-35697096.0,7293414.0,-198138848.0,True
1713505363.6149678,37,1713505363,612767696,,0.0017012945609167218,0.015055862255394459,0.8450016975402832,0.0,0.0,0.2940046989111981,-0.0017012945609167218,-0.015055862255394459,-0.550996998629085,0.0,0.0,0.0,0.033170461654663086,0.19865113496780396,5.665012359619141,0.0,0.0,0.0,-0.033170461654663086,-0.19865113496780396,-5.665012359619141,0.0,0.0,0.0,0.0,0.0,0.0,0.0,0.0,0.0,0.0,0.0,0.0,-0.034240566194057465,0.0027547013014554977,-0.1642867624759674,0.9858143925666809,0.018176402052733086,0.08896311001079699,0.0,0.9958690593976822,-0.06846944087067923,-0.0058193270543146144,-0.33006718807848523,0.03679299826434559,0.17813177164005506,0.003286061510238282,-0.4702704846858978,0.06980117410421371,-2.201005697250366,0.0,0.0,0.0,35901600.0,-7335197.0,199273952.0,7.333215713500977,217143536.0,1.7917102575302124,-35901600.0,7335197.0,-199273952.0,True
1713505363.6249511,38,1713505363,622774124,,0.001998619642108679,0.01713160239160061,0.9026435613632202,0.0,0.0,0.29800469891119813,-0.001998619642108679,-0.01713160239160061,-0.604638862452022,0.0,0.0,0.0,0.03701408579945564,0.2169855833053589,5.851263046264648,0.0,0.0,0.0,-0.03701408579945564,-0.2169855833053589,-5.851263046264648,0.0,0.0,0.0,0.0,0.0,0.0,0.0,0.0,0.0,0.0,0.0,0.0,-0.036556363105773926,0.0030669751577079296,-0.1753687858581543,0.9838191270828247,0.018176401511034095,0.0889631073594897,0.0,0.9958690596444161,-0.07307209010033713,-0.006787044081403709,-0.3525525660590702,0.03679299714119018,0.17813176631904848,0.0032860613112250118,-0.4928707480430603,0.06183798611164093,-2.289595603942871,0.0,0.0,0.0,35905600.0,-7336014.0,199296160.0,7.333215713500977,217143536.0,1.8112503290176392,-35905600.0,7336014.0,-199296160.0,True
1713505363.6347427,39,1713505363,632761001,,0.0023400387726724148,0.019404079765081406,0.9621479511260986,0.0,0.0,0.30000469891119813,-0.0023400387726724148,-0.019404079765081406,-0.6621432522149004,0.0,0.0,0.0,0.04248134791851044,0.23802033066749573,6.038567543029785,0.0,0.0,0.0,-0.04248134791851044,-0.23802033066749573,-6.038567543029785,0.0,0.0,0.0,0.0,0.0,0.0,0.0,0.0,0.0,0.0,0.0,0.0,-0.03891773521900177,0.0033329662401229143,-0.18689635396003723,0.9816028475761414,0.01817640339288548,0.08896309993419084,0.0,0.9958690602733867,-0.07773008784866436,-0.008003952018308518,-0.37598310182597117,0.036793000876601804,0.1781317514057263,0.0032860613683459777,-0.475419819355011,0.04251411557197571,-2.361862897872925,0.0,0.0,0.0,36223800.0,-7401027.5,201062368.0,7.333215713500977,217143536.0,1.8356342315673828,-36223800.0,7401027.5,-201062368.0,True
1713505363.6450672,40,1713505363,642775774,,0.002745639765635133,0.021891726180911064,1.023555874824524,0.0,0.0,0.30400469891119813,-0.002745639765635133,-0.021891726180911064,-0.7195511759133257,0.0,0.0,0.0,0.049758732318878174,0.25932303071022034,6.226078510284424,0.0,0.0,0.0,-0.049758732318878174,-0.25932303071022034,-6.226078510284424,0.0,0.0,0.0,0.0,0.0,0.0,0.0,0.0,0.0,0.0,0.0,0.0,-0.041310813277959824,0.003686453914269805,-0.19871766865253448,0.979178786277771,0.01817640339288548,0.08896309993419084,0.0,0.9958690602733867,-0.08246338748906375,-0.00919911199255438,-0.4000683752181505,0.036793000876601804,0.1781317514057263,0.0032860613683459777,-0.4886704981327057,0.07501155883073807,-2.4322617053985596,0.0,0.0,0.0,36258720.0,-7408162.5,201256192.0,7.333215713500977,217143536.0,1.8529192209243774,-36258720.0,7408162.5,-201256192.0,True
1713505363.654715,41,1713505363,652756690,,0.0032230617944151163,0.024604566395282745,1.086822748184204,0.0,0.0,0.30600469891119814,-0.0032230617944151163,-0.024604566395282745,-0.7808180492730059,0.0,0.0,0.0,0.05636296421289444,0.2825049161911011,6.411849021911621,0.0,0.0,0.0,-0.05636296421289444,-0.2825049161911011,-6.411849021911621,0.0,0.0,0.0,0.0,0.0,0.0,0.0,0.0,0.0,0.0,0.0,0.0,-0.04377954080700874,0.00403676088899374,-0.21086762845516205,0.9765254259109497,0.018176403910388956,0.08896311743004715,0.0,0.9958690587009992,-0.08732192481504658,-0.010579573870388825,-0.42488029391161275,0.03679300209926396,0.17813178652889464,0.003286062128937027,-0.5205534100532532,0.08038318157196045,-2.5267865657806396,0.0,0.0,0.0,36155828.0,-7387139.5,200685056.0,7.333215713500977,217143536.0,1.8688007593154907,-36155828.0,7387139.5,-200685056.0,True
1713505363.6647832,42,1713505363,662757873,,0.003767675254493952,0.02756563201546669,1.1520649194717407,0.0,0.0,0.31000469891119814,-0.003767675254493952,-0.02756563201546669,-0.8420602205605425,0.0,0.0,0.0,0.06350667774677277,0.3067314326763153,6.598474025726318,0.0,0.0,0.0,-0.06350667774677277,-0.3067314326763153,-6.598474025726318,0.0,0.0,0.0,0.0,0.0,0.0,0.0,0.0,0.0,0.0,0.0,0.0,-0.046217914670705795,0.00440174201503396,-0.2234332263469696,0.9736130237579346,0.01817640392248674,0.08896311000777254,0.0,0.9958690593638261,-0.09210056512488939,-0.012082340452980721,-0.45060872618833014,0.03679300204951064,0.17813177162781357,0.003286061848148139,-0.5123973488807678,0.08170893043279648,-2.5840795040130615,0.0,0.0,0.0,36387820.0,-7434539.5,201972752.0,7.333215713500977,217143536.0,1.888798475265503,-36387820.0,7434539.5,-201972752.0,True
1713505363.675205,43,1713505363,672767639,,0.004392730537801981,0.03078497014939785,1.2192802429199219,0.0,0.0,0.31200469891119814,-0.004392730537801981,-0.03078497014939785,-0.9072755440087237,0.0,0.0,0.0,0.07221901416778564,0.33324944972991943,6.785162448883057,0.0,0.0,0.0,-0.07221901416778564,-0.33324944972991943,-6.785162448883057,0.0,0.0,0.0,0.0,0.0,0.0,0.0,0.0,0.0,0.0,0.0,0.0,-0.04867057874798775,0.004730216693133116,-0.23627744615077972,0.9704543948173523,0.01817640523844351,0.08896311477571522,0.0,0.995869058913877,-0.0968610670302463,-0.013819041260526169,-0.47697878359829726,0.03679300476127339,0.17813178119564615,0.0032860622678335854,-0.5208940505981445,0.08518050611019135,-2.658796548843384,0.0,0.0,0.0,36471280.0,-7451591.0,202436000.0,7.333215713500977,217143536.0,1.90638267993927,-36471280.0,7451591.0,-202436000.0,True
1713505363.6848578,44,1713505363,682766675,,0.005107586737722158,0.03425879403948784,1.2878559827804565,0.0,0.0,0.31600469891119815,-0.005107586737722158,-0.03425879403948784,-0.9718512838692583,0.0,0.0,0.0,0.08260972797870636,0.3612557053565979,6.9686737060546875,0.0,0.0,0.0,-0.08260972797870636,-0.3612557053565979,-6.9686737060546875,0.0,0.0,0.0,0.0,0.0,0.0,0.0,0.0,0.0,0.0,0.0,0.0,-0.05116419866681099,0.005196953658014536,-0.24936681985855103,0.9670426249504089,0.01817640578014261,0.0889631174270227,0.0,0.995869058667143,-0.10173536546544065,-0.015466571733100728,-0.5039476968821547,0.03679300588442902,0.17813178651665318,0.003286062466846913,-0.5403851270675659,0.11078915745019913,-2.734687089920044,0.0,0.0,0.0,36434720.0,-7444121.5,202233056.0,7.333215713500977,217143536.0,1.9209442138671875,-36434720.0,7444121.5,-202233056.0,True
1713505363.6945863,45,1713505363,692754745,,0.005928830709308386,0.038024239242076874,1.3584808111190796,0.0,0.0,0.31800469891119815,-0.005928830709308386,-0.038024239242076874,-1.0404761122078814,0.0,0.0,0.0,0.09315022081136703,0.3891795873641968,7.15201473236084,0.0,0.0,0.0,-0.09315022081136703,-0.3891795873641968,-7.15201473236084,0.0,0.0,0.0,0.0,0.0,0.0,0.0,0.0,0.0,0.0,0.0,0.0,-0.05379793047904968,0.0057137799449265,-0.26283979415893555,0.9633215665817261,0.01817640578014261,0.0889631174270227,0.0,0.995869058667143,-0.1068722636095092,-0.017272916862863585,-0.5318038308062197,0.03679300588442902,0.17813178651665318,0.003286062466846913,-0.5687001943588257,0.10939503461122513,-2.8257291316986084,0.0,0.0,0.0,36347832.0,-7426369.5,201750784.0,7.333215713500977,217143536.0,1.9351089000701904,-36347832.0,7426369.0,-201750784.0,True
1713505363.7051506,46,1713505363,702771663,,0.00685353297740221,0.04208095371723175,1.4310766458511353,0.0,0.0,0.32200469891119815,-0.00685353297740221,-0.04208095371723175,-1.109071946939937,0.0,0.0,0.0,0.10403373092412949,0.4179374575614929,7.334727764129639,0.0,0.0,0.0,-0.10403373092412949,-0.4179374575614929,-7.334727764129639,0.0,0.0,0.0,0.0,0.0,0.0,0.0,0.0,0.0,0.0,0.0,0.0,-0.056507211178541183,0.00621662475168705,-0.27665218710899353,0.959287166595459,0.018176406578595764,0.08896310469910924,0.0,0.9958690597895814,-0.11210857954556348,-0.019339835789046286,-0.5604645788575409,0.03679300737352932,0.17813176096131772,0.003286062125941207,-0.5713286399841309,0.10082413256168365,-2.8933095932006836,0.0,0.0,0.0,36469336.0,-7451194.5,202425216.0,7.333215713500977,217143536.0,1.9516609907150269,-36469336.0,7451194.0,-202425216.0,True
1713505363.714674,47,1713505363,712753295,,0.007904169149696827,0.046433452516794205,1.5053871870040894,0.0,0.0,0.32400469891119815,-0.007904169149696827,-0.046433452516794205,-1.1813824880928911,0.0,0.0,0.0,0.11734402924776077,0.448931485414505,7.519446849822998,0.0,0.0,0.0,-0.11734402924776077,-0.448931485414505,-7.519446849822998,0.0,0.0,0.0,0.0,0.0,0.0,0.0,0.0,0.0,0.0,0.0,0.0,-0.059240251779556274,0.006796255707740784,-0.2906478941440582,0.9549702405929565,0.018176408977950705,0.08896311476966633,0.0,0.9958690588461645,-0.11739240124415694,-0.021457312430049166,-0.5896298721789722,0.036793012331603266,0.17813178117116313,0.003286062943653314,-0.5936662554740906,0.1443776786327362,-2.941649913787842,0.0,0.0,0.0,36424636.0,-7442062.0,202177104.0,7.333215713500977,217143536.0,1.9639657735824585,-36424636.0,7442061.5,-202177104.0,True
1713505363.7246413,48,1713505363,722766399,,0.009093907661736012,0.0511041060090065,1.5815812349319458,0.0,0.0,0.32800469891119816,-0.009093907661736012,-0.0511041060090065,-1.2535765360207476,0.0,0.0,0.0,0.13131055235862732,0.4802183508872986,7.702394962310791,0.0,0.0,0.0,-0.13131055235862732,-0.4802183508872986,-7.702394962310791,0.0,0.0,0.0,0.0,0.0,0.0,0.0,0.0,0.0,0.0,0.0,0.0,-0.06203616037964821,0.007423283997923136,-0.3049740493297577,0.9503090381622314,0.018176405262639077,0.0889630999311664,0.0,0.9958690602395306,-0.12277758176349914,-0.023732237307377408,-0.6196173996104538,0.036793004661766736,0.17813175139348478,0.003286061706255784,-0.6006050109863281,0.13579392433166504,-3.0245578289031982,0.0,0.0,0.0,36475992.0,-7452555.5,202462176.0,7.333215713500977,217143536.0,1.9791715145111084,-36475992.0,7452555.0,-202462176.0,True
1713505363.7350883,49,1713505363,732776403,,0.010428388603031635,0.05609686300158501,1.6595183610916138,0.0,0.0,0.33000469891119816,-0.010428388603031635,-0.05609686300158501,-1.3295136621804156,0.0,0.0,0.0,0.14672964811325073,0.5129992961883545,7.884481906890869,0.0,0.0,0.0,-0.14672964811325073,-0.5129992961883545,-7.884481906890869,0.0,0.0,0.0,0.0,0.0,0.0,0.0,0.0,0.0,0.0,0.0,0.0,-0.0648588165640831,0.008053803816437721,-0.319590300321579,0.9452991485595703,0.018176407120294894,0.08896310735041638,0.0,0.9958690595428477,-0.12816436893222455,-0.02623299902154608,-0.6503562060935646,0.03679300849668501,0.178131766282324,0.0032860623249545205,-0.6227982044219971,0.15762260556221008,-3.1063029766082764,0.0,0.0,0.0,36378312.0,-7432598.5,201919984.0,7.333215713500977,217143536.0,1.9912196397781372,-36378312.0,7432598.0,-201919984.0,True
1713505363.7447512,50,1713505363,742763519,,0.011921950615942478,0.06143033131957054,1.7394237518310547,0.0,0.0,0.33400469891119816,-0.011921950615942478,-0.06143033131957054,-1.4054190529198565,0.0,0.0,0.0,0.16303026676177979,0.5466448068618774,8.066661834716797,0.0,0.0,0.0,-0.16303026676177979,-0.5466448068618774,-8.066661834716797,0.0,0.0,0.0,0.0,0.0,0.0,0.0,0.0,0.0,0.0,0.0,0.0,-0.0676354318857193,0.00875872652977705,-0.3344631493091583,0.9399378299713135,0.01817640656649798,0.08896311212138344,0.0,0.9958690591267546,-0.1334560561780768,-0.028781776190983023,-0.6818042643255074,0.036793007423282634,0.17813177586239795,0.0032860624067301185,-0.6253803968429565,0.16687871515750885,-3.1798882484436035,0.0,0.0,0.0,36425548.0,-7442248.5,202182176.0,7.333215713500977,217143536.0,2.005258083343506,-36425548.0,7442248.0,-202182176.0,True
1713505363.7546337,51,1713505363,752761840,,0.01358779612928629,0.06711486726999283,1.8210020065307617,0.0,0.0,0.33600469891119816,-0.01358779612928629,-0.06711486726999283,-1.4849973076195635,0.0,0.0,0.0,0.18128320574760437,0.5836639404296875,8.248960494995117,0.0,0.0,0.0,-0.18128320574760437,-0.5836639404296875,-8.248960494995117,0.0,0.0,0.0,0.0,0.0,0.0,0.0,0.0,0.0,0.0,0.0,0.0,-0.0704803615808487,0.009535080753266811,-0.34964966773986816,0.934177041053772,0.01817640710819711,0.08896311477269078,0.0,0.9958690588800209,-0.13886457613321948,-0.03147715965228594,-0.7141003969578652,0.03679300854643832,0.17813178118340459,0.0032860626057434495,-0.6405205130577087,0.16416075825691223,-3.263188362121582,0.0,0.0,0.0,36409348.0,-7438938.5,202092240.0,7.333215713500977,217143536.0,2.0181570053100586,-36409348.0,7438938.0,-202092240.0,True
1713505363.764669,52,1713505363,762759447,,0.015442421659827232,0.07317064702510834,1.9044650793075562,0.0,0.0,0.34000469891119817,-0.015442421659827232,-0.07317064702510834,-1.564460380396358,0.0,0.0,0.0,0.19980090856552124,0.6198247671127319,8.429179191589355,0.0,0.0,0.0,-0.19980090856552124,-0.6198247671127319,-8.429179191589355,0.0,0.0,0.0,0.0,0.0,0.0,0.0,0.0,0.0,0.0,0.0,0.0,-0.07338257879018784,0.010324772447347641,-0.3650743067264557,0.928024411201477,0.018176408412055946,0.08896312696290731,0.0,0.9958690577672447,-0.14432598145989717,-0.034423699097659806,-0.7470993383512704,0.036793011307954135,0.1781318056523168,0.0032860633062178476,-0.6684465408325195,0.19013243913650513,-3.3464019298553467,0.0,0.0,0.0,36247192.0,-7405807.5,201192160.0,7.333215713500977,217143536.0,2.0281982421875,-36247192.0,7405807.0,-201192160.0,True
1713505363.774914,53,1713505363,772768259,,0.017495818436145782,0.07959344983100891,1.9897046089172363,0.0,0.0,0.34200469891119817,-0.017495818436145782,-0.07959344983100891,-1.647699910006038,0.0,0.0,0.0,0.2212379425764084,0.6572760939598083,8.609498977661133,0.0,0.0,0.0,-0.2212379425764084,-0.6572760939598083,-8.609498977661133,0.0,0.0,0.0,0.0,0.0,0.0,0.0,0.0,0.0,0.0,0.0,0.0,-0.0763292908668518,0.011132863350212574,-0.38067492842674255,0.9214860796928406,0.018176407120294894,0.08896310735041638,0.0,0.9958690595428477,-0.14981404766939269,-0.03760459598652135,-0.7806907255964988,0.03679300849668501,0.178131766282324,0.0032860623249545205,-0.6741365790367126,0.18013682961463928,-3.389911651611328,0.0,0.0,0.0,36355344.0,-7427905.5,201792496.0,7.333215713500977,217143536.0,2.0411248207092285,-36355344.0,7427905.0,-201792496.0,True
1713505363.7846818,54,1713505363,782762289,,0.019785942509770393,0.0863969475030899,2.076843023300171,0.0,0.0,0.34600469891119817,-0.019785942509770393,-0.0863969475030899,-1.7308383243889727,0.0,0.0,0.0,0.2451627254486084,0.6940321326255798,8.790117263793945,0.0,0.0,0.0,-0.2451627254486084,-0.6940321326255798,-8.790117263793945,0.0,0.0,0.0,0.0,0.0,0.0,0.0,0.0,0.0,0.0,0.0,0.0,-0.07932236790657043,0.012062215246260166,-0.39656850695610046,0.914492130279541,0.018176406578595764,0.08896310469910924,0.0,0.9958690597895814,-0.15540027254976643,-0.04086327667385278,-0.8151650268556077,0.03679300737352932,0.17813176096131772,0.003286062125941207,-0.6945456266403198,0.1907069832086563,-3.4856114387512207,0.0,0.0,0.0,36227544.0,-7401793.5,201083136.0,7.333215713500977,217143536.0,2.051579713821411,-36227544.0,7401793.0,-201083136.0,True
1713505363.7946851,55,1713505363,792757511,,0.022317567840218544,0.09356877952814102,2.1655993461608887,0.0,0.0,0.3480046989111982,-0.022317567840218544,-0.09356877952814102,-1.8175946472496904,0.0,0.0,0.0,0.27043116092681885,0.732992947101593,8.969369888305664,0.0,0.0,0.0,-0.27043116092681885,-0.732992947101593,-8.969369888305664,0.0,0.0,0.0,0.0,0.0,0.0,0.0,0.0,0.0,0.0,0.0,0.0,-0.0822397768497467,0.012958459556102753,-0.412649005651474,0.9070775508880615,0.018176407649896264,0.08896311742399826,0.0,0.9958690586332867,-0.16073912462544437,-0.044378225617106914,-0.8503031295016328,0.03679300966959408,0.17813178650441167,0.0032860628047567987,-0.6845113635063171,0.21042436361312866,-3.5528409481048584,0.0,0.0,0.0,36294368.0,-7415446.5,201454016.0,7.333215713500977,217143536.0,2.0642952919006348,-36294368.0,7415446.0,-201454016.0,True
1713505363.8048956,56,1713505363,802766323,,0.025123633444309235,0.10114385932683945,2.256286859512329,0.0,0.0,0.3520046989111982,-0.025123633444309235,-0.10114385932683945,-1.9042821606011309,0.0,0.0,0.0,0.29829317331314087,0.7717865705490112,9.14680290222168,0.0,0.0,0.0,-0.29829317331314087,-0.7717865705490112,-9.14680290222168,0.0,0.0,0.0,0.0,0.0,0.0,0.0,0.0,0.0,0.0,0.0,0.0,-0.08523440361022949,0.01387747097760439,-0.42896413803100586,0.8991842269897461,0.018176407120294894,0.08896310735041638,0.0,0.9958690595428477,-0.166144020423261,-0.04818684515403753,-0.8862413065148637,0.03679300849668501,0.178131766282324,0.0032860623249545205,-0.7299845218658447,0.21629783511161804,-3.62711238861084,0.0,0.0,0.0,36067592.0,-7369113.5,200195312.0,7.333215713500977,217143536.0,2.071604013442993,-36067592.0,7369113.0,-200195312.0,True
1713505363.8146758,57,1713505363,812761306,,0.0282126497477293,0.1091248020529747,2.348675012588501,0.0,0.0,0.3540046989111982,-0.0282126497477293,-0.1091248020529747,-1.9946703136773027,0.0,0.0,0.0,0.326771080493927,0.8130837678909302,9.323074340820312,0.0,0.0,0.0,-0.326771080493927,-0.8130837678909302,-9.323074340820312,0.0,0.0,0.0,0.0,0.0,0.0,0.0,0.0,0.0,0.0,0.0,0.0,-0.08814737200737,0.014986013993620872,-0.4455063045024872,0.8908028602600098,0.018176407120294894,0.08896310735041638,0.0,0.9958690595428477,-0.17146495004991666,-0.05186449304794593,-0.9230251879286577,0.03679300849668501,0.178131766282324,0.0032860623249545205,-0.7023032307624817,0.2698785662651062,-3.711409568786621,0.0,0.0,0.0,36102244.0,-7376193.5,200387648.0,7.333215713500977,217143536.0,2.0842676162719727,-36102244.0,7376192.5,-200387648.0,True
1713505363.8246675,58,1713505363,822765588,,0.031595032662153244,0.1175137311220169,2.4427952766418457,0.0,0.0,0.3580046989111982,-0.031595032662153244,-0.1175137311220169,-2.0847905777306477,0.0,0.0,0.0,0.3569340705871582,0.85454261302948,9.499237060546875,0.0,0.0,0.0,-0.3569340705871582,-0.85454261302948,-9.499237060546875,0.0,0.0,0.0,0.0,0.0,0.0,0.0,0.0,0.0,0.0,0.0,0.0,-0.09107264876365662,0.016112327575683594,-0.46215152740478516,0.8819649815559387,0.018176410847704303,0.08896311476664188,0.0,0.9958690588123084,-0.1767304905058637,-0.05578663619296811,-0.96038509569326,0.03679301611676821,0.17813178115892161,0.003286063281563179,-0.7266368269920349,0.2639332413673401,-3.755465507507324,0.0,0.0,0.0,36052268.0,-7365983.0,200110240.0,7.333215713500977,217143536.0,2.0930380821228027,-36052268.0,7365982.0,-200110240.0,True
1713505363.8351696,59,1713505363,832749128,,0.03529840707778931,0.12632028758525848,2.538698196411133,0.0,0.0,0.3600046989111982,-0.03529840707778931,-0.12632028758525848,-2.1786934974999346,0.0,0.0,0.0,0.389896422624588,0.8953521251678467,9.674784660339355,0.0,0.0,0.0,-0.389896422624588,-0.8953521251678467,-9.674784660339355,0.0,0.0,0.0,0.0,0.0,0.0,0.0,0.0,0.0,0.0,0.0,0.0,-0.09390426427125931,0.017223699018359184,-0.4789581298828125,0.8726308345794678,0.018176408990048496,0.08896310734739193,0.0,0.9958690595089915,-0.18170905833837755,-0.05992841696846033,-0.9984841943643448,0.03679301228184994,0.17813176627008243,0.0032860626628643556,-0.7332274913787842,0.2795135974884033,-3.835825204849243,0.0,0.0,0.0,35973116.0,-7349811.5,199670928.0,7.333215713500977,217143536.0,2.1025376319885254,-35973120.0,7349810.5,-199670928.0,True
1713505363.8447452,60,1713505363,842761993,,0.0393422394990921,0.13554614782333374,2.636353015899658,0.0,0.0,0.3640046989111982,-0.0393422394990921,-0.13554614782333374,-2.27234831698846,0.0,0.0,0.0,0.42461299896240234,0.9368770718574524,9.850689888000488,0.0,0.0,0.0,-0.42461299896240234,-0.9368770718574524,-9.850689888000488,0.0,0.0,0.0,0.0,0.0,0.0,0.0,0.0,0.0,0.0,0.0,0.0,-0.0967852771282196,0.01842271164059639,-0.4959532916545868,0.8627418279647827,0.018176409555943275,0.08896309515414991,0.0,0.9958690605879109,-0.18674167315700618,-0.06425808337676785,-1.0374344251007468,0.036793013305499125,0.17813174178892677,0.0032860623002997605,-0.7497194409370422,0.28212159872055054,-3.924877405166626,0.0,0.0,0.0,35852744.0,-7325219.0,199002800.0,7.333215713500977,217143536.0,2.1111044883728027,-35852748.0,7325218.0,-199002800.0,True
1713505363.854653,61,1713505363,852758884,,0.04375046119093895,0.1451939046382904,2.7356884479522705,0.0,0.0,0.3660046989111982,-0.04375046119093895,-0.1451939046382904,-2.3696837490410725,0.0,0.0,0.0,0.4623869061470032,0.9811261296272278,10.02488899230957,0.0,0.0,0.0,-0.4623869061470032,-0.9811261296272278,-10.02488899230957,0.0,0.0,0.0,0.0,0.0,0.0,0.0,0.0,0.0,0.0,0.0,0.0,-0.09962255507707596,0.01968081295490265,-0.5130650997161865,0.8523216247558594,0.018176407132392682,0.08896309992814196,0.0,0.9958690602056745,-0.19163651242345853,-0.0687310527081018,-1.077113076843382,0.03679300844693168,0.1781317513812433,0.0032860620441655924,-0.7837905883789062,0.30890005826950073,-3.993604898452759,0.0,0.0,0.0,35625032.0,-7278693.5,197738880.0,7.333215713500977,217143536.0,2.117493152618408,-35625036.0,7278692.5,-197738880.0,True
1713505363.8650575,62,1713505363,862784147,,0.048556916415691376,0.155281201004982,2.8368115425109863,0.0,0.0,0.3700046989111982,-0.048556916415691376,-0.155281201004982,-2.4668068435997883,0.0,0.0,0.0,0.5028457641601562,1.0236740112304688,10.197306632995605,0.0,0.0,0.0,-0.5028457641601562,-1.0236740112304688,-10.197306632995605,0.0,0.0,0.0,0.0,0.0,0.0,0.0,0.0,0.0,0.0,0.0,0.0,-0.10245566815137863,0.020989760756492615,-0.5302020907402039,0.8413965702056885,0.018176407132392682,0.08896309992814196,0.0,0.9958690602056745,-0.19645597152897712,-0.0733888403740671,-1.1173461710873793,0.03679300844693168,0.1781317513812433,0.0032860620441655924,-0.7666700482368469,0.317872017621994,-4.0348968505859375,0.0,0.0,0.0,35708468.0,-7295741.0,198202000.0,7.333215713500977,217143536.0,2.1277825832366943,-35708472.0,7295740.0,-198202000.0,True
1713505363.874764,63,1713505363,872770786,,0.05379723012447357,0.1658143848180771,2.9398651123046875,0.0,0.0,0.3720046989111982,-0.05379723012447357,-0.1658143848180771,-2.5678604133934892,0.0,0.0,0.0,0.546214759349823,1.0660423040390015,10.370884895324707,0.0,0.0,0.0,-0.546214759349823,-1.0660423040390015,-10.370884895324707,0.0,0.0,0.0,0.0,0.0,0.0,0.0,0.0,0.0,0.0,0.0,0.0,-0.10518486052751541,0.02242656610906124,-0.5473771095275879,0.829946756362915,0.018176410871899876,0.08896309992209306,0.0,0.995869060137962,-0.20110751088143958,-0.07800493150764487,-1.158220814319355,0.03679301601726153,0.17813175135676024,0.0032860627199852053,-0.7710356116294861,0.348500519990921,-4.100831985473633,0.0,0.0,0.0,35593116.0,-7272173.5,197561744.0,7.333215713500977,217143536.0,2.135737419128418,-35593120.0,7272172.5,-197561744.0,True
1713505363.8847241,64,1713505363,882768154,,0.05946294590830803,0.17674009501934052,3.0442960262298584,0.0,0.0,0.3760046989111982,-0.05946294590830803,-0.17674009501934052,-2.66829132731866,0.0,0.0,0.0,0.5910295248031616,1.1093347072601318,10.541584968566895,0.0,0.0,0.0,-0.5910295248031616,-1.1093347072601318,-10.541584968566895,0.0,0.0,0.0,0.0,0.0,0.0,0.0,0.0,0.0,0.0,0.0,0.0,-0.10787269473075867,0.023804327473044395,-0.5647304654121399,0.8178486824035645,0.018176410342298423,0.08896308984851195,0.0,0.9958690610475225,-0.2054783316725212,-0.08299656086753338,-1.2000911224735695,0.03679301484435229,0.17813173113467415,0.0032860622401829007,-0.7784504890441895,0.35994449257850647,-4.239229202270508,0.0,0.0,0.0,35399624.0,-7232640.5,196487744.0,7.333215713500977,217143536.0,2.1435060501098633,-35399628.0,7232639.0,-196487744.0,True
1713505363.8949149,65,1713505363,892759084,,0.06557957082986832,0.18809206783771515,3.1504366397857666,0.0,0.0,0.3780046989111982,-0.06557957082986832,-0.18809206783771515,-2.7724319408745686,0.0,0.0,0.0,0.6362069249153137,1.1513876914978027,10.711715698242188,0.0,0.0,0.0,-0.6362069249153137,-1.1513876914978027,-10.711715698242188,0.0,0.0,0.0,0.0,0.0,0.0,0.0,0.0,0.0,0.0,0.0,0.0,-0.11054559797048569,0.02513066492974758,-0.5820256471633911,0.8052293658256531,0.018176409555943275,0.08896309515414991,0.0,0.9958690605879109,-0.2096255294362393,-0.0883236334951799,-1.2424413952220092,0.036793013305499125,0.17813174178892677,0.0032860623002997605,-0.7894009947776794,0.3625530004501343,-4.261220932006836,0.0,0.0,0.0,35347544.0,-7222000.0,196198672.0,7.333215713500977,217143536.0,2.1501498222351074,-35347548.0,7221998.5,-196198672.0,True
1713505363.9048843,66,1713505363,902773141,,0.07217904180288315,0.19989000260829926,3.2585201263427734,0.0,0.0,0.3820046989111982,-0.07217904180288315,-0.19989000260829926,-2.8765154274315754,0.0,0.0,0.0,0.6840301156044006,1.1930173635482788,10.88167953491211,0.0,0.0,0.0,-0.6840301156044006,-1.1930173635482788,-10.88167953491211,0.0,0.0,0.0,0.0,0.0,0.0,0.0,0.0,0.0,0.0,0.0,0.0,-0.11312694102525711,0.026550723239779472,-0.5994464159011841,0.7919353246688843,0.018176410859802088,0.08896310734436746,0.0,0.9958690594751352,-0.21355941966786132,-0.09371124645540137,-1.2858021485893598,0.036793016067014864,0.17813176625784088,0.0032860630007741907,-0.7998830080032349,0.40409722924232483,-4.367396831512451,0.0,0.0,0.0,35096488.0,-7170705.5,194805168.0,7.333215713500977,217143536.0,2.1564433574676514,-35096492.0,7170704.0,-194805168.0,True
1713505363.9146528,67,1713505363,912756204,,0.07926557958126068,0.21207693219184875,3.3680903911590576,0.0,0.0,0.3840046989111982,-0.07926557958126068,-0.21207693219184875,-2.9840856922478594,0.0,0.0,0.0,0.7346795797348022,1.2348592281341553,11.05068588256836,0.0,0.0,0.0,-0.7346795797348022,-1.2348592281341553,-11.05068588256836,0.0,0.0,0.0,0.0,0.0,0.0,0.0,0.0,0.0,0.0,0.0,0.0,-0.11560165137052536,0.028034618124365807,-0.6168926358222961,0.7780062556266785,0.018176415153106456,0.08896310256735122,0.0,0.9958690598235156,-0.21722966441605399,-0.09916786488788491,-1.3299889998321062,0.0367930247107476,0.17813175665328332,0.0032860635948182147,-0.7867788672447205,0.4060395359992981,-4.454116344451904,0.0,0.0,0.0,35058408.0,-7162926.0,194593792.0,7.333215713500977,217143536.0,2.164483070373535,-35058412.0,7162924.0,-194593792.0,True
1713505363.924703,68,1713505363,922756671,,0.08688695728778839,0.2246885597705841,3.4794671535491943,0.0,0.0,0.3880046989111982,-0.08688695728778839,-0.2246885597705841,-3.091462454637996,0.0,0.0,0.0,0.788592517375946,1.2750301361083984,11.218369483947754,0.0,0.0,0.0,-0.788592517375946,-1.2750301361083984,-11.218369483947754,0.0,0.0,0.0,0.0,0.0,0.0,0.0,0.0,0.0,0.0,0.0,0.0,-0.11806832998991013,0.02952461875975132,-0.6343164443969727,0.763433575630188,0.018176412741653478,0.08896309991906862,0.0,0.9958690601041058,-0.22072179939435554,-0.10489746199798393,-1.3749348434459332,0.036793019802426476,0.17813175134451872,0.0032860630578950127,-0.8181195855140686,0.42265719175338745,-4.50839376449585,0.0,0.0,0.0,34804568.0,-7111063.0,193184848.0,7.333215713500977,217143536.0,2.1682989597320557,-34804572.0,7111061.0,-193184848.0,True
1713505363.9349635,69,1713505363,932756185,,0.09507610648870468,0.23770825564861298,3.5925540924072266,0.0,0.0,0.3900046989111982,-0.09507610648870468,-0.23770825564861298,-3.2025493934960285,0.0,0.0,0.0,0.8454225063323975,1.3162589073181152,11.385941505432129,0.0,0.0,0.0,-0.8454225063323975,-1.3162589073181152,-11.385941505432129,0.0,0.0,0.0,0.0,0.0,0.0,0.0,0.0,0.0,0.0,0.0,0.0,-0.12047848850488663,0.03104167804121971,-0.6517214775085449,0.748184859752655,0.018176413307548378,0.08896308772582635,0.0,0.9958690611830252,-0.22397150810611174,-0.11081364988534673,-1.4207254845831097,0.03679302082607588,0.17813172686336257,0.003286062695330328,-0.8025414943695068,0.4354422390460968,-4.588622570037842,0.0,0.0,0.0,34738996.0,-7097666.5,192820896.0,7.333215713500977,217143536.0,2.1755738258361816,-34739000.0,7097664.5,-192820896.0,True
1713505363.944739,70,1713505363,942763090,,0.10384434461593628,0.25111350417137146,3.7072391510009766,0.0,0.0,0.3940046989111982,-0.10384434461593628,-0.25111350417137146,-3.3132344520897785,0.0,0.0,0.0,0.904447615146637,1.3550233840942383,11.55150032043457,0.0,0.0,0.0,-0.904447615146637,-1.3550233840942383,-11.55150032043457,0.0,0.0,0.0,0.0,0.0,0.0,0.0,0.0,0.0,0.0,0.0,0.0,-0.12273140251636505,0.03254654258489609,-0.6689754128456116,0.7323590517044067,0.018176415153106456,0.08896310256735122,0.0,0.9958690598235156,-0.22678350715291185,-0.11680245736402953,-1.4670796733218217,0.0367930247107476,0.17813175665328332,0.0032860635948182147,-0.8107001185417175,0.4530916213989258,-4.642940521240234,0.0,0.0,0.0,34562388.0,-7061583.0,191840608.0,7.333215713500977,217143536.0,2.180294990539551,-34562392.0,7061581.0,-191840624.0,True
1713505363.9546118,71,1713505363,952759742,,0.11321000009775162,0.26489120721817017,3.823550224304199,0.0,0.0,0.3960046989111982,-0.11321000009775162,-0.26489120721817017,-3.427545525393001,0.0,0.0,0.0,0.9646872878074646,1.3929035663604736,11.717703819274902,0.0,0.0,0.0,-0.9646872878074646,-1.3929035663604736,-11.717703819274902,0.0,0.0,0.0,0.0,0.0,0.0,0.0,0.0,0.0,0.0,0.0,0.0,-0.12477165460586548,0.034093718975782394,-0.6861315369606018,0.7158862948417664,0.018176412741653478,0.08896309991906862,0.0,0.9958690601041058,-0.22913807369852568,-0.12271282488578705,-1.514218638452145,0.036793019802426476,0.17813175134451872,0.0032860630578950127,-0.7915918231010437,0.4928998053073883,-4.717584133148193,0.0,0.0,0.0,34427012.0,-7033923.5,191089200.0,7.333215713500977,217143536.0,2.1866962909698486,-34427016.0,7033921.5,-191089216.0,True
1713505363.9649198,72,1713505363,962768554,,0.12321169674396515,0.27903780341148376,3.941600799560547,0.0,0.0,0.4000046989111982,-0.12321169674396515,-0.27903780341148376,-3.5415961006493486,0.0,0.0,0.0,1.0287694931030273,1.4281591176986694,11.882436752319336,0.0,0.0,0.0,-1.0287694931030273,-1.4281591176986694,-11.882436752319336,0.0,0.0,0.0,0.0,0.0,0.0,0.0,0.0,0.0,0.0,0.0,0.0,-0.12675431370735168,0.03566202521324158,-0.7031790018081665,0.6987137198448181,0.018176413283352802,0.08896310257037567,0.0,0.9958690598573718,-0.2312365988553169,-0.12878253010804927,-1.5621899219999815,0.03679302092558255,0.17813175666552483,0.0032860632569083875,-0.8233961462974548,0.5138055682182312,-4.793586730957031,0.0,0.0,0.0,34097308.0,-6966560.0,189259152.0,7.333215713500977,217143536.0,2.189028024673462,-34097312.0,6966558.0,-189259168.0,True
1713505363.9756525,73,1713505363,972767591,,0.1338571161031723,0.293512761592865,4.061149597167969,0.0,0.0,0.4020046989111982,-0.1338571161031723,-0.293512761592865,-3.6591448982567707,0.0,0.0,0.0,1.094684362411499,1.4620440006256104,12.045649528503418,0.0,0.0,0.0,-1.094684362411499,-1.4620440006256104,-12.045649528503418,0.0,0.0,0.0,0.0,0.0,0.0,0.0,0.0,0.0,0.0,0.0,0.0,-0.12859591841697693,0.03729955852031708,-0.7200510501861572,0.6808805465698242,0.018176414623504864,0.08896309249376974,0.0,0.9958690607330762,-0.23303053109936597,-0.13480609172491995,-1.6109003690008663,0.03679302353783805,0.1781317364311965,0.0032860631150157765,-0.8127394914627075,0.5298473834991455,-4.866701126098633,0.0,0.0,0.0,33947580.0,-6935969.0,188428080.0,7.333215713500977,217143536.0,2.1939032077789307,-33947584.0,6935967.0,-188428096.0,True
